-- phpMyAdmin SQL Dump
-- version 4.6.6
-- https://www.phpmyadmin.net/
--
-- Host: localhost
-- Generation Time: 2018-01-22 13:17:33
-- 服务器版本： 5.6.21
-- PHP Version: 7.1.3

SET SQL_MODE = "NO_AUTO_VALUE_ON_ZERO";
SET time_zone = "+00:00";


/*!40101 SET @OLD_CHARACTER_SET_CLIENT=@@CHARACTER_SET_CLIENT */;
/*!40101 SET @OLD_CHARACTER_SET_RESULTS=@@CHARACTER_SET_RESULTS */;
/*!40101 SET @OLD_COLLATION_CONNECTION=@@COLLATION_CONNECTION */;
/*!40101 SET NAMES utf8mb4 */;

--
-- Database: `meituan`
--

-- --------------------------------------------------------

--
-- 表的结构 `areas`
--

CREATE TABLE `areas` (
  `id` int(11) NOT NULL,
  `areaid` varchar(20) NOT NULL,
  `area` varchar(50) NOT NULL,
  `cityid` varchar(20) NOT NULL
) ENGINE=MyISAM DEFAULT CHARSET=utf8 COMMENT='行政区域县区信息表';

--
-- 转存表中的数据 `areas`
--

INSERT INTO `areas` (`id`, `areaid`, `area`, `cityid`) VALUES
(1, '110101', '东城区', '110100'),
(2, '110102', '西城区', '110100'),
(3, '110103', '崇文区', '110100'),
(4, '110104', '宣武区', '110100'),
(5, '110105', '朝阳区', '110100'),
(6, '110106', '丰台区', '110100'),
(7, '110107', '石景山区', '110100'),
(8, '110108', '海淀区', '110100'),
(9, '110109', '门头沟区', '110100'),
(10, '110111', '房山区', '110100'),
(11, '110112', '通州区', '110100'),
(12, '110113', '顺义区', '110100'),
(13, '110114', '昌平区', '110100'),
(14, '110115', '大兴区', '110100'),
(15, '110116', '怀柔区', '110100'),
(16, '110117', '平谷区', '110100'),
(17, '110228', '密云县', '110200'),
(18, '110229', '延庆县', '110200'),
(19, '120101', '和平区', '120100'),
(20, '120102', '河东区', '120100'),
(21, '120103', '河西区', '120100'),
(22, '120104', '南开区', '120100'),
(23, '120105', '河北区', '120100'),
(24, '120106', '红桥区', '120100'),
(25, '120107', '塘沽区', '120100'),
(26, '120108', '汉沽区', '120100'),
(27, '120109', '大港区', '120100'),
(28, '120110', '东丽区', '120100'),
(29, '120111', '西青区', '120100'),
(30, '120112', '津南区', '120100'),
(31, '120113', '北辰区', '120100'),
(32, '120114', '武清区', '120100'),
(33, '120115', '宝坻区', '120100'),
(34, '120221', '宁河县', '120200'),
(35, '120223', '静海县', '120200'),
(36, '120225', '蓟　县', '120200'),
(37, '130101', '市辖区', '130100'),
(38, '130102', '长安区', '130100'),
(39, '130103', '桥东区', '130100'),
(40, '130104', '桥西区', '130100'),
(41, '130105', '新华区', '130100'),
(42, '130107', '井陉矿区', '130100'),
(43, '130108', '裕华区', '130100'),
(44, '130121', '井陉县', '130100'),
(45, '130123', '正定县', '130100'),
(46, '130124', '栾城县', '130100'),
(47, '130125', '行唐县', '130100'),
(48, '130126', '灵寿县', '130100'),
(49, '130127', '高邑县', '130100'),
(50, '130128', '深泽县', '130100'),
(51, '130129', '赞皇县', '130100'),
(52, '130130', '无极县', '130100'),
(53, '130131', '平山县', '130100'),
(54, '130132', '元氏县', '130100'),
(55, '130133', '赵　县', '130100'),
(56, '130181', '辛集市', '130100'),
(57, '130182', '藁城市', '130100'),
(58, '130183', '晋州市', '130100'),
(59, '130184', '新乐市', '130100'),
(60, '130185', '鹿泉市', '130100'),
(61, '130201', '市辖区', '130200'),
(62, '130202', '路南区', '130200'),
(63, '130203', '路北区', '130200'),
(64, '130204', '古冶区', '130200'),
(65, '130205', '开平区', '130200'),
(66, '130207', '丰南区', '130200'),
(67, '130208', '丰润区', '130200'),
(68, '130223', '滦　县', '130200'),
(69, '130224', '滦南县', '130200'),
(70, '130225', '乐亭县', '130200'),
(71, '130227', '迁西县', '130200'),
(72, '130229', '玉田县', '130200'),
(73, '130230', '唐海县', '130200'),
(74, '130281', '遵化市', '130200'),
(75, '130283', '迁安市', '130200'),
(76, '130301', '市辖区', '130300'),
(77, '130302', '海港区', '130300'),
(78, '130303', '山海关区', '130300'),
(79, '130304', '北戴河区', '130300'),
(80, '130321', '青龙满族自治县', '130300'),
(81, '130322', '昌黎县', '130300'),
(82, '130323', '抚宁县', '130300'),
(83, '130324', '卢龙县', '130300'),
(84, '130401', '市辖区', '130400'),
(85, '130402', '邯山区', '130400'),
(86, '130403', '丛台区', '130400'),
(87, '130404', '复兴区', '130400'),
(88, '130406', '峰峰矿区', '130400'),
(89, '130421', '邯郸县', '130400'),
(90, '130423', '临漳县', '130400'),
(91, '130424', '成安县', '130400'),
(92, '130425', '大名县', '130400'),
(93, '130426', '涉　县', '130400'),
(94, '130427', '磁　县', '130400'),
(95, '130428', '肥乡县', '130400'),
(96, '130429', '永年县', '130400'),
(97, '130430', '邱　县', '130400'),
(98, '130431', '鸡泽县', '130400'),
(99, '130432', '广平县', '130400'),
(100, '130433', '馆陶县', '130400'),
(101, '130434', '魏　县', '130400'),
(102, '130435', '曲周县', '130400'),
(103, '130481', '武安市', '130400'),
(104, '130501', '市辖区', '130500'),
(105, '130502', '桥东区', '130500'),
(106, '130503', '桥西区', '130500'),
(107, '130521', '邢台县', '130500'),
(108, '130522', '临城县', '130500'),
(109, '130523', '内丘县', '130500'),
(110, '130524', '柏乡县', '130500'),
(111, '130525', '隆尧县', '130500'),
(112, '130526', '任　县', '130500'),
(113, '130527', '南和县', '130500'),
(114, '130528', '宁晋县', '130500'),
(115, '130529', '巨鹿县', '130500'),
(116, '130530', '新河县', '130500'),
(117, '130531', '广宗县', '130500'),
(118, '130532', '平乡县', '130500'),
(119, '130533', '威　县', '130500'),
(120, '130534', '清河县', '130500'),
(121, '130535', '临西县', '130500'),
(122, '130581', '南宫市', '130500'),
(123, '130582', '沙河市', '130500'),
(124, '130601', '市辖区', '130600'),
(125, '130602', '新市区', '130600'),
(126, '130603', '北市区', '130600'),
(127, '130604', '南市区', '130600'),
(128, '130621', '满城县', '130600'),
(129, '130622', '清苑县', '130600'),
(130, '130623', '涞水县', '130600'),
(131, '130624', '阜平县', '130600'),
(132, '130625', '徐水县', '130600'),
(133, '130626', '定兴县', '130600'),
(134, '130627', '唐　县', '130600'),
(135, '130628', '高阳县', '130600'),
(136, '130629', '容城县', '130600'),
(137, '130630', '涞源县', '130600'),
(138, '130631', '望都县', '130600'),
(139, '130632', '安新县', '130600'),
(140, '130633', '易　县', '130600'),
(141, '130634', '曲阳县', '130600'),
(142, '130635', '蠡　县', '130600'),
(143, '130636', '顺平县', '130600'),
(144, '130637', '博野县', '130600'),
(145, '130638', '雄　县', '130600'),
(146, '130681', '涿州市', '130600'),
(147, '130682', '定州市', '130600'),
(148, '130683', '安国市', '130600'),
(149, '130684', '高碑店市', '130600'),
(150, '130701', '市辖区', '130700'),
(151, '130702', '桥东区', '130700'),
(152, '130703', '桥西区', '130700'),
(153, '130705', '宣化区', '130700'),
(154, '130706', '下花园区', '130700'),
(155, '130721', '宣化县', '130700'),
(156, '130722', '张北县', '130700'),
(157, '130723', '康保县', '130700'),
(158, '130724', '沽源县', '130700'),
(159, '130725', '尚义县', '130700'),
(160, '130726', '蔚　县', '130700'),
(161, '130727', '阳原县', '130700'),
(162, '130728', '怀安县', '130700'),
(163, '130729', '万全县', '130700'),
(164, '130730', '怀来县', '130700'),
(165, '130731', '涿鹿县', '130700'),
(166, '130732', '赤城县', '130700'),
(167, '130733', '崇礼县', '130700'),
(168, '130801', '市辖区', '130800'),
(169, '130802', '双桥区', '130800'),
(170, '130803', '双滦区', '130800'),
(171, '130804', '鹰手营子矿区', '130800'),
(172, '130821', '承德县', '130800'),
(173, '130822', '兴隆县', '130800'),
(174, '130823', '平泉县', '130800'),
(175, '130824', '滦平县', '130800'),
(176, '130825', '隆化县', '130800'),
(177, '130826', '丰宁满族自治县', '130800'),
(178, '130827', '宽城满族自治县', '130800'),
(179, '130828', '围场满族蒙古族自治县', '130800'),
(180, '130901', '市辖区', '130900'),
(181, '130902', '新华区', '130900'),
(182, '130903', '运河区', '130900'),
(183, '130921', '沧　县', '130900'),
(184, '130922', '青　县', '130900'),
(185, '130923', '东光县', '130900'),
(186, '130924', '海兴县', '130900'),
(187, '130925', '盐山县', '130900'),
(188, '130926', '肃宁县', '130900'),
(189, '130927', '南皮县', '130900'),
(190, '130928', '吴桥县', '130900'),
(191, '130929', '献　县', '130900'),
(192, '130930', '孟村回族自治县', '130900'),
(193, '130981', '泊头市', '130900'),
(194, '130982', '任丘市', '130900'),
(195, '130983', '黄骅市', '130900'),
(196, '130984', '河间市', '130900'),
(197, '131001', '市辖区', '131000'),
(198, '131002', '安次区', '131000'),
(199, '131003', '广阳区', '131000'),
(200, '131022', '固安县', '131000'),
(201, '131023', '永清县', '131000'),
(202, '131024', '香河县', '131000'),
(203, '131025', '大城县', '131000'),
(204, '131026', '文安县', '131000'),
(205, '131028', '大厂回族自治县', '131000'),
(206, '131081', '霸州市', '131000'),
(207, '131082', '三河市', '131000'),
(208, '131101', '市辖区', '131100'),
(209, '131102', '桃城区', '131100'),
(210, '131121', '枣强县', '131100'),
(211, '131122', '武邑县', '131100'),
(212, '131123', '武强县', '131100'),
(213, '131124', '饶阳县', '131100'),
(214, '131125', '安平县', '131100'),
(215, '131126', '故城县', '131100'),
(216, '131127', '景　县', '131100'),
(217, '131128', '阜城县', '131100'),
(218, '131181', '冀州市', '131100'),
(219, '131182', '深州市', '131100'),
(220, '140101', '市辖区', '140100'),
(221, '140105', '小店区', '140100'),
(222, '140106', '迎泽区', '140100'),
(223, '140107', '杏花岭区', '140100'),
(224, '140108', '尖草坪区', '140100'),
(225, '140109', '万柏林区', '140100'),
(226, '140110', '晋源区', '140100'),
(227, '140121', '清徐县', '140100'),
(228, '140122', '阳曲县', '140100'),
(229, '140123', '娄烦县', '140100'),
(230, '140181', '古交市', '140100'),
(231, '140201', '市辖区', '140200'),
(232, '140202', '城　区', '140200'),
(233, '140203', '矿　区', '140200'),
(234, '140211', '南郊区', '140200'),
(235, '140212', '新荣区', '140200'),
(236, '140221', '阳高县', '140200'),
(237, '140222', '天镇县', '140200'),
(238, '140223', '广灵县', '140200'),
(239, '140224', '灵丘县', '140200'),
(240, '140225', '浑源县', '140200'),
(241, '140226', '左云县', '140200'),
(242, '140227', '大同县', '140200'),
(243, '140301', '市辖区', '140300'),
(244, '140302', '城　区', '140300'),
(245, '140303', '矿　区', '140300'),
(246, '140311', '郊　区', '140300'),
(247, '140321', '平定县', '140300'),
(248, '140322', '盂　县', '140300'),
(249, '140401', '市辖区', '140400'),
(250, '140402', '城　区', '140400'),
(251, '140411', '郊　区', '140400'),
(252, '140421', '长治县', '140400'),
(253, '140423', '襄垣县', '140400'),
(254, '140424', '屯留县', '140400'),
(255, '140425', '平顺县', '140400'),
(256, '140426', '黎城县', '140400'),
(257, '140427', '壶关县', '140400'),
(258, '140428', '长子县', '140400'),
(259, '140429', '武乡县', '140400'),
(260, '140430', '沁　县', '140400'),
(261, '140431', '沁源县', '140400'),
(262, '140481', '潞城市', '140400'),
(263, '140501', '市辖区', '140500'),
(264, '140502', '城　区', '140500'),
(265, '140521', '沁水县', '140500'),
(266, '140522', '阳城县', '140500'),
(267, '140524', '陵川县', '140500'),
(268, '140525', '泽州县', '140500'),
(269, '140581', '高平市', '140500'),
(270, '140601', '市辖区', '140600'),
(271, '140602', '朔城区', '140600'),
(272, '140603', '平鲁区', '140600'),
(273, '140621', '山阴县', '140600'),
(274, '140622', '应　县', '140600'),
(275, '140623', '右玉县', '140600'),
(276, '140624', '怀仁县', '140600'),
(277, '140701', '市辖区', '140700'),
(278, '140702', '榆次区', '140700'),
(279, '140721', '榆社县', '140700'),
(280, '140722', '左权县', '140700'),
(281, '140723', '和顺县', '140700'),
(282, '140724', '昔阳县', '140700'),
(283, '140725', '寿阳县', '140700'),
(284, '140726', '太谷县', '140700'),
(285, '140727', '祁　县', '140700'),
(286, '140728', '平遥县', '140700'),
(287, '140729', '灵石县', '140700'),
(288, '140781', '介休市', '140700'),
(289, '140801', '市辖区', '140800'),
(290, '140802', '盐湖区', '140800'),
(291, '140821', '临猗县', '140800'),
(292, '140822', '万荣县', '140800'),
(293, '140823', '闻喜县', '140800'),
(294, '140824', '稷山县', '140800'),
(295, '140825', '新绛县', '140800'),
(296, '140826', '绛　县', '140800'),
(297, '140827', '垣曲县', '140800'),
(298, '140828', '夏　县', '140800'),
(299, '140829', '平陆县', '140800'),
(300, '140830', '芮城县', '140800'),
(301, '140881', '永济市', '140800'),
(302, '140882', '河津市', '140800'),
(303, '140901', '市辖区', '140900'),
(304, '140902', '忻府区', '140900'),
(305, '140921', '定襄县', '140900'),
(306, '140922', '五台县', '140900'),
(307, '140923', '代　县', '140900'),
(308, '140924', '繁峙县', '140900'),
(309, '140925', '宁武县', '140900'),
(310, '140926', '静乐县', '140900'),
(311, '140927', '神池县', '140900'),
(312, '140928', '五寨县', '140900'),
(313, '140929', '岢岚县', '140900'),
(314, '140930', '河曲县', '140900'),
(315, '140931', '保德县', '140900'),
(316, '140932', '偏关县', '140900'),
(317, '140981', '原平市', '140900'),
(318, '141001', '市辖区', '141000'),
(319, '141002', '尧都区', '141000'),
(320, '141021', '曲沃县', '141000'),
(321, '141022', '翼城县', '141000'),
(322, '141023', '襄汾县', '141000'),
(323, '141024', '洪洞县', '141000'),
(324, '141025', '古　县', '141000'),
(325, '141026', '安泽县', '141000'),
(326, '141027', '浮山县', '141000'),
(327, '141028', '吉　县', '141000'),
(328, '141029', '乡宁县', '141000'),
(329, '141030', '大宁县', '141000'),
(330, '141031', '隰　县', '141000'),
(331, '141032', '永和县', '141000'),
(332, '141033', '蒲　县', '141000'),
(333, '141034', '汾西县', '141000'),
(334, '141081', '侯马市', '141000'),
(335, '141082', '霍州市', '141000'),
(336, '141101', '市辖区', '141100'),
(337, '141102', '离石区', '141100'),
(338, '141121', '文水县', '141100'),
(339, '141122', '交城县', '141100'),
(340, '141123', '兴　县', '141100'),
(341, '141124', '临　县', '141100'),
(342, '141125', '柳林县', '141100'),
(343, '141126', '石楼县', '141100'),
(344, '141127', '岚　县', '141100'),
(345, '141128', '方山县', '141100'),
(346, '141129', '中阳县', '141100'),
(347, '141130', '交口县', '141100'),
(348, '141181', '孝义市', '141100'),
(349, '141182', '汾阳市', '141100'),
(350, '150101', '市辖区', '150100'),
(351, '150102', '新城区', '150100'),
(352, '150103', '回民区', '150100'),
(353, '150104', '玉泉区', '150100'),
(354, '150105', '赛罕区', '150100'),
(355, '150121', '土默特左旗', '150100'),
(356, '150122', '托克托县', '150100'),
(357, '150123', '和林格尔县', '150100'),
(358, '150124', '清水河县', '150100'),
(359, '150125', '武川县', '150100'),
(360, '150201', '市辖区', '150200'),
(361, '150202', '东河区', '150200'),
(362, '150203', '昆都仑区', '150200'),
(363, '150204', '青山区', '150200'),
(364, '150205', '石拐区', '150200'),
(365, '150206', '白云矿区', '150200'),
(366, '150207', '九原区', '150200'),
(367, '150221', '土默特右旗', '150200'),
(368, '150222', '固阳县', '150200'),
(369, '150223', '达尔罕茂明安联合旗', '150200'),
(370, '150301', '市辖区', '150300'),
(371, '150302', '海勃湾区', '150300'),
(372, '150303', '海南区', '150300'),
(373, '150304', '乌达区', '150300'),
(374, '150401', '市辖区', '150400'),
(375, '150402', '红山区', '150400'),
(376, '150403', '元宝山区', '150400'),
(377, '150404', '松山区', '150400'),
(378, '150421', '阿鲁科尔沁旗', '150400'),
(379, '150422', '巴林左旗', '150400'),
(380, '150423', '巴林右旗', '150400'),
(381, '150424', '林西县', '150400'),
(382, '150425', '克什克腾旗', '150400'),
(383, '150426', '翁牛特旗', '150400'),
(384, '150428', '喀喇沁旗', '150400'),
(385, '150429', '宁城县', '150400'),
(386, '150430', '敖汉旗', '150400'),
(387, '150501', '市辖区', '150500'),
(388, '150502', '科尔沁区', '150500'),
(389, '150521', '科尔沁左翼中旗', '150500'),
(390, '150522', '科尔沁左翼后旗', '150500'),
(391, '150523', '开鲁县', '150500'),
(392, '150524', '库伦旗', '150500'),
(393, '150525', '奈曼旗', '150500'),
(394, '150526', '扎鲁特旗', '150500'),
(395, '150581', '霍林郭勒市', '150500'),
(396, '150602', '东胜区', '150600'),
(397, '150621', '达拉特旗', '150600'),
(398, '150622', '准格尔旗', '150600'),
(399, '150623', '鄂托克前旗', '150600'),
(400, '150624', '鄂托克旗', '150600'),
(401, '150625', '杭锦旗', '150600'),
(402, '150626', '乌审旗', '150600'),
(403, '150627', '伊金霍洛旗', '150600'),
(404, '150701', '市辖区', '150700'),
(405, '150702', '海拉尔区', '150700'),
(406, '150721', '阿荣旗', '150700'),
(407, '150722', '莫力达瓦达斡尔族自治旗', '150700'),
(408, '150723', '鄂伦春自治旗', '150700'),
(409, '150724', '鄂温克族自治旗', '150700'),
(410, '150725', '陈巴尔虎旗', '150700'),
(411, '150726', '新巴尔虎左旗', '150700'),
(412, '150727', '新巴尔虎右旗', '150700'),
(413, '150781', '满洲里市', '150700'),
(414, '150782', '牙克石市', '150700'),
(415, '150783', '扎兰屯市', '150700'),
(416, '150784', '额尔古纳市', '150700'),
(417, '150785', '根河市', '150700'),
(418, '150801', '市辖区', '150800'),
(419, '150802', '临河区', '150800'),
(420, '150821', '五原县', '150800'),
(421, '150822', '磴口县', '150800'),
(422, '150823', '乌拉特前旗', '150800'),
(423, '150824', '乌拉特中旗', '150800'),
(424, '150825', '乌拉特后旗', '150800'),
(425, '150826', '杭锦后旗', '150800'),
(426, '150901', '市辖区', '150900'),
(427, '150902', '集宁区', '150900'),
(428, '150921', '卓资县', '150900'),
(429, '150922', '化德县', '150900'),
(430, '150923', '商都县', '150900'),
(431, '150924', '兴和县', '150900'),
(432, '150925', '凉城县', '150900'),
(433, '150926', '察哈尔右翼前旗', '150900'),
(434, '150927', '察哈尔右翼中旗', '150900'),
(435, '150928', '察哈尔右翼后旗', '150900'),
(436, '150929', '四子王旗', '150900'),
(437, '150981', '丰镇市', '150900'),
(438, '152201', '乌兰浩特市', '152200'),
(439, '152202', '阿尔山市', '152200'),
(440, '152221', '科尔沁右翼前旗', '152200'),
(441, '152222', '科尔沁右翼中旗', '152200'),
(442, '152223', '扎赉特旗', '152200'),
(443, '152224', '突泉县', '152200'),
(444, '152501', '二连浩特市', '152500'),
(445, '152502', '锡林浩特市', '152500'),
(446, '152522', '阿巴嘎旗', '152500'),
(447, '152523', '苏尼特左旗', '152500'),
(448, '152524', '苏尼特右旗', '152500'),
(449, '152525', '东乌珠穆沁旗', '152500'),
(450, '152526', '西乌珠穆沁旗', '152500'),
(451, '152527', '太仆寺旗', '152500'),
(452, '152528', '镶黄旗', '152500'),
(453, '152529', '正镶白旗', '152500'),
(454, '152530', '正蓝旗', '152500'),
(455, '152531', '多伦县', '152500'),
(456, '152921', '阿拉善左旗', '152900'),
(457, '152922', '阿拉善右旗', '152900'),
(458, '152923', '额济纳旗', '152900'),
(459, '210101', '市辖区', '210100'),
(460, '210102', '和平区', '210100'),
(461, '210103', '沈河区', '210100'),
(462, '210104', '大东区', '210100'),
(463, '210105', '皇姑区', '210100'),
(464, '210106', '铁西区', '210100'),
(465, '210111', '苏家屯区', '210100'),
(466, '210112', '东陵区', '210100'),
(467, '210113', '沈北新区', '210100'),
(468, '210114', '于洪区', '210100'),
(469, '210122', '辽中县', '210100'),
(470, '210123', '康平县', '210100'),
(471, '210124', '法库县', '210100'),
(472, '210181', '新民市', '210100'),
(473, '210201', '市辖区', '210200'),
(474, '210202', '中山区', '210200'),
(475, '210203', '西岗区', '210200'),
(476, '210204', '沙河口区', '210200'),
(477, '210211', '甘井子区', '210200'),
(478, '210212', '旅顺口区', '210200'),
(479, '210213', '金州区', '210200'),
(480, '210224', '长海县', '210200'),
(481, '210281', '瓦房店市', '210200'),
(482, '210282', '普兰店市', '210200'),
(483, '210283', '庄河市', '210200'),
(484, '210301', '市辖区', '210300'),
(485, '210302', '铁东区', '210300'),
(486, '210303', '铁西区', '210300'),
(487, '210304', '立山区', '210300'),
(488, '210311', '千山区', '210300'),
(489, '210321', '台安县', '210300'),
(490, '210323', '岫岩满族自治县', '210300'),
(491, '210381', '海城市', '210300'),
(492, '210401', '市辖区', '210400'),
(493, '210402', '新抚区', '210400'),
(494, '210403', '东洲区', '210400'),
(495, '210404', '望花区', '210400'),
(496, '210411', '顺城区', '210400'),
(497, '210421', '抚顺县', '210400'),
(498, '210422', '新宾满族自治县', '210400'),
(499, '210423', '清原满族自治县', '210400'),
(500, '210501', '市辖区', '210500'),
(501, '210502', '平山区', '210500'),
(502, '210503', '溪湖区', '210500'),
(503, '210504', '明山区', '210500'),
(504, '210505', '南芬区', '210500'),
(505, '210521', '本溪满族自治县', '210500'),
(506, '210522', '桓仁满族自治县', '210500'),
(507, '210601', '市辖区', '210600'),
(508, '210602', '元宝区', '210600'),
(509, '210603', '振兴区', '210600'),
(510, '210604', '振安区', '210600'),
(511, '210624', '宽甸满族自治县', '210600'),
(512, '210681', '东港市', '210600'),
(513, '210682', '凤城市', '210600'),
(514, '210701', '市辖区', '210700'),
(515, '210702', '古塔区', '210700'),
(516, '210703', '凌河区', '210700'),
(517, '210711', '太和区', '210700'),
(518, '210726', '黑山县', '210700'),
(519, '210727', '义　县', '210700'),
(520, '210781', '凌海市', '210700'),
(521, '210782', '北宁市', '210700'),
(522, '210801', '市辖区', '210800'),
(523, '210802', '站前区', '210800'),
(524, '210803', '西市区', '210800'),
(525, '210804', '鲅鱼圈区', '210800'),
(526, '210811', '老边区', '210800'),
(527, '210881', '盖州市', '210800'),
(528, '210882', '大石桥市', '210800'),
(529, '210901', '市辖区', '210900'),
(530, '210902', '海州区', '210900'),
(531, '210903', '新邱区', '210900'),
(532, '210904', '太平区', '210900'),
(533, '210905', '清河门区', '210900'),
(534, '210911', '细河区', '210900'),
(535, '210921', '阜新蒙古族自治县', '210900'),
(536, '210922', '彰武县', '210900'),
(537, '211001', '市辖区', '211000'),
(538, '211002', '白塔区', '211000'),
(539, '211003', '文圣区', '211000'),
(540, '211004', '宏伟区', '211000'),
(541, '211005', '弓长岭区', '211000'),
(542, '211011', '太子河区', '211000'),
(543, '211021', '辽阳县', '211000'),
(544, '211081', '灯塔市', '211000'),
(545, '211101', '市辖区', '211100'),
(546, '211102', '双台子区', '211100'),
(547, '211103', '兴隆台区', '211100'),
(548, '211121', '大洼县', '211100'),
(549, '211122', '盘山县', '211100'),
(550, '211201', '市辖区', '211200'),
(551, '211202', '银州区', '211200'),
(552, '211204', '清河区', '211200'),
(553, '211221', '铁岭县', '211200'),
(554, '211223', '西丰县', '211200'),
(555, '211224', '昌图县', '211200'),
(556, '211281', '调兵山市', '211200'),
(557, '211282', '开原市', '211200'),
(558, '211301', '市辖区', '211300'),
(559, '211302', '双塔区', '211300'),
(560, '211303', '龙城区', '211300'),
(561, '211321', '朝阳县', '211300'),
(562, '211322', '建平县', '211300'),
(563, '211324', '喀喇沁左翼蒙古族自治县', '211300'),
(564, '211381', '北票市', '211300'),
(565, '211382', '凌源市', '211300'),
(566, '211401', '市辖区', '211400'),
(567, '211402', '连山区', '211400'),
(568, '211403', '龙港区', '211400'),
(569, '211404', '南票区', '211400'),
(570, '211421', '绥中县', '211400'),
(571, '211422', '建昌县', '211400'),
(572, '211481', '兴城市', '211400'),
(573, '220101', '市辖区', '220100'),
(574, '220102', '南关区', '220100'),
(575, '220103', '宽城区', '220100'),
(576, '220104', '朝阳区', '220100'),
(577, '220105', '二道区', '220100'),
(578, '220106', '绿园区', '220100'),
(579, '220112', '双阳区', '220100'),
(580, '220122', '农安县', '220100'),
(581, '220181', '九台市', '220100'),
(582, '220182', '榆树市', '220100'),
(583, '220183', '德惠市', '220100'),
(584, '220201', '市辖区', '220200'),
(585, '220202', '昌邑区', '220200'),
(586, '220203', '龙潭区', '220200'),
(587, '220204', '船营区', '220200'),
(588, '220211', '丰满区', '220200'),
(589, '220221', '永吉县', '220200'),
(590, '220281', '蛟河市', '220200'),
(591, '220282', '桦甸市', '220200'),
(592, '220283', '舒兰市', '220200'),
(593, '220284', '磐石市', '220200'),
(594, '220301', '市辖区', '220300'),
(595, '220302', '铁西区', '220300'),
(596, '220303', '铁东区', '220300'),
(597, '220322', '梨树县', '220300'),
(598, '220323', '伊通满族自治县', '220300'),
(599, '220381', '公主岭市', '220300'),
(600, '220382', '双辽市', '220300'),
(601, '220401', '市辖区', '220400'),
(602, '220402', '龙山区', '220400'),
(603, '220403', '西安区', '220400'),
(604, '220421', '东丰县', '220400'),
(605, '220422', '东辽县', '220400'),
(606, '220501', '市辖区', '220500'),
(607, '220502', '东昌区', '220500'),
(608, '220503', '二道江区', '220500'),
(609, '220521', '通化县', '220500'),
(610, '220523', '辉南县', '220500'),
(611, '220524', '柳河县', '220500'),
(612, '220581', '梅河口市', '220500'),
(613, '220582', '集安市', '220500'),
(614, '220601', '市辖区', '220600'),
(615, '220602', '八道江区', '220600'),
(616, '220621', '抚松县', '220600'),
(617, '220622', '靖宇县', '220600'),
(618, '220623', '长白朝鲜族自治县', '220600'),
(619, '220625', '江源县', '220600'),
(620, '220681', '临江市', '220600'),
(621, '220701', '市辖区', '220700'),
(622, '220702', '宁江区', '220700'),
(623, '220721', '前郭尔罗斯蒙古族自治县', '220700'),
(624, '220722', '长岭县', '220700'),
(625, '220723', '乾安县', '220700'),
(626, '220724', '扶余县', '220700'),
(627, '220801', '市辖区', '220800'),
(628, '220802', '洮北区', '220800'),
(629, '220821', '镇赉县', '220800'),
(630, '220822', '通榆县', '220800'),
(631, '220881', '洮南市', '220800'),
(632, '220882', '大安市', '220800'),
(633, '222401', '延吉市', '222400'),
(634, '222402', '图们市', '222400'),
(635, '222403', '敦化市', '222400'),
(636, '222404', '珲春市', '222400'),
(637, '222405', '龙井市', '222400'),
(638, '222406', '和龙市', '222400'),
(639, '222424', '汪清县', '222400'),
(640, '222426', '安图县', '222400'),
(641, '230101', '市辖区', '230100'),
(642, '230102', '道里区', '230100'),
(643, '230103', '南岗区', '230100'),
(644, '230104', '道外区', '230100'),
(645, '230106', '香坊区', '230100'),
(646, '230107', '动力区', '230100'),
(647, '230108', '平房区', '230100'),
(648, '230109', '松北区', '230100'),
(649, '230111', '呼兰区', '230100'),
(650, '230123', '依兰县', '230100'),
(651, '230124', '方正县', '230100'),
(652, '230125', '宾　县', '230100'),
(653, '230126', '巴彦县', '230100'),
(654, '230127', '木兰县', '230100'),
(655, '230128', '通河县', '230100'),
(656, '230129', '延寿县', '230100'),
(657, '230181', '阿城市', '230100'),
(658, '230182', '双城市', '230100'),
(659, '230183', '尚志市', '230100'),
(660, '230184', '五常市', '230100'),
(661, '230201', '市辖区', '230200'),
(662, '230202', '龙沙区', '230200'),
(663, '230203', '建华区', '230200'),
(664, '230204', '铁锋区', '230200'),
(665, '230205', '昂昂溪区', '230200'),
(666, '230206', '富拉尔基区', '230200'),
(667, '230207', '碾子山区', '230200'),
(668, '230208', '梅里斯达斡尔族区', '230200'),
(669, '230221', '龙江县', '230200'),
(670, '230223', '依安县', '230200'),
(671, '230224', '泰来县', '230200'),
(672, '230225', '甘南县', '230200'),
(673, '230227', '富裕县', '230200'),
(674, '230229', '克山县', '230200'),
(675, '230230', '克东县', '230200'),
(676, '230231', '拜泉县', '230200'),
(677, '230281', '讷河市', '230200'),
(678, '230301', '市辖区', '230300'),
(679, '230302', '鸡冠区', '230300'),
(680, '230303', '恒山区', '230300'),
(681, '230304', '滴道区', '230300'),
(682, '230305', '梨树区', '230300'),
(683, '230306', '城子河区', '230300'),
(684, '230307', '麻山区', '230300'),
(685, '230321', '鸡东县', '230300'),
(686, '230381', '虎林市', '230300'),
(687, '230382', '密山市', '230300'),
(688, '230401', '市辖区', '230400'),
(689, '230402', '向阳区', '230400'),
(690, '230403', '工农区', '230400'),
(691, '230404', '南山区', '230400'),
(692, '230405', '兴安区', '230400'),
(693, '230406', '东山区', '230400'),
(694, '230407', '兴山区', '230400'),
(695, '230421', '萝北县', '230400'),
(696, '230422', '绥滨县', '230400'),
(697, '230501', '市辖区', '230500'),
(698, '230502', '尖山区', '230500'),
(699, '230503', '岭东区', '230500'),
(700, '230505', '四方台区', '230500'),
(701, '230506', '宝山区', '230500'),
(702, '230521', '集贤县', '230500'),
(703, '230522', '友谊县', '230500'),
(704, '230523', '宝清县', '230500'),
(705, '230524', '饶河县', '230500'),
(706, '230601', '市辖区', '230600'),
(707, '230602', '萨尔图区', '230600'),
(708, '230603', '龙凤区', '230600'),
(709, '230604', '让胡路区', '230600'),
(710, '230605', '红岗区', '230600'),
(711, '230606', '大同区', '230600'),
(712, '230621', '肇州县', '230600'),
(713, '230622', '肇源县', '230600'),
(714, '230623', '林甸县', '230600'),
(715, '230624', '杜尔伯特蒙古族自治县', '230600'),
(716, '230701', '市辖区', '230700'),
(717, '230702', '伊春区', '230700'),
(718, '230703', '南岔区', '230700'),
(719, '230704', '友好区', '230700'),
(720, '230705', '西林区', '230700'),
(721, '230706', '翠峦区', '230700'),
(722, '230707', '新青区', '230700'),
(723, '230708', '美溪区', '230700'),
(724, '230709', '金山屯区', '230700'),
(725, '230710', '五营区', '230700'),
(726, '230711', '乌马河区', '230700'),
(727, '230712', '汤旺河区', '230700'),
(728, '230713', '带岭区', '230700'),
(729, '230714', '乌伊岭区', '230700'),
(730, '230715', '红星区', '230700'),
(731, '230716', '上甘岭区', '230700'),
(732, '230722', '嘉荫县', '230700'),
(733, '230781', '铁力市', '230700'),
(734, '230801', '市辖区', '230800'),
(735, '230802', '永红区', '230800'),
(736, '230803', '向阳区', '230800'),
(737, '230804', '前进区', '230800'),
(738, '230805', '东风区', '230800'),
(739, '230811', '郊　区', '230800'),
(740, '230822', '桦南县', '230800'),
(741, '230826', '桦川县', '230800'),
(742, '230828', '汤原县', '230800'),
(743, '230833', '抚远县', '230800'),
(744, '230881', '同江市', '230800'),
(745, '230882', '富锦市', '230800'),
(746, '230901', '市辖区', '230900'),
(747, '230902', '新兴区', '230900'),
(748, '230903', '桃山区', '230900'),
(749, '230904', '茄子河区', '230900'),
(750, '230921', '勃利县', '230900'),
(751, '231001', '市辖区', '231000'),
(752, '231002', '东安区', '231000'),
(753, '231003', '阳明区', '231000'),
(754, '231004', '爱民区', '231000'),
(755, '231005', '西安区', '231000'),
(756, '231024', '东宁县', '231000'),
(757, '231025', '林口县', '231000'),
(758, '231081', '绥芬河市', '231000'),
(759, '231083', '海林市', '231000'),
(760, '231084', '宁安市', '231000'),
(761, '231085', '穆棱市', '231000'),
(762, '231101', '市辖区', '231100'),
(763, '231102', '爱辉区', '231100'),
(764, '231121', '嫩江县', '231100'),
(765, '231123', '逊克县', '231100'),
(766, '231124', '孙吴县', '231100'),
(767, '231181', '北安市', '231100'),
(768, '231182', '五大连池市', '231100'),
(769, '231201', '市辖区', '231200'),
(770, '231202', '北林区', '231200'),
(771, '231221', '望奎县', '231200'),
(772, '231222', '兰西县', '231200'),
(773, '231223', '青冈县', '231200'),
(774, '231224', '庆安县', '231200'),
(775, '231225', '明水县', '231200'),
(776, '231226', '绥棱县', '231200'),
(777, '231281', '安达市', '231200'),
(778, '231282', '肇东市', '231200'),
(779, '231283', '海伦市', '231200'),
(780, '232721', '呼玛县', '232700'),
(781, '232722', '塔河县', '232700'),
(782, '232723', '漠河县', '232700'),
(783, '310101', '黄浦区', '310100'),
(784, '310103', '卢湾区', '310100'),
(785, '310104', '徐汇区', '310100'),
(786, '310105', '长宁区', '310100'),
(787, '310106', '静安区', '310100'),
(788, '310107', '普陀区', '310100'),
(789, '310108', '闸北区', '310100'),
(790, '310109', '虹口区', '310100'),
(791, '310110', '杨浦区', '310100'),
(792, '310112', '闵行区', '310100'),
(793, '310113', '宝山区', '310100'),
(794, '310114', '嘉定区', '310100'),
(795, '310115', '浦东新区', '310100'),
(796, '310116', '金山区', '310100'),
(797, '310117', '松江区', '310100'),
(798, '310118', '青浦区', '310100'),
(799, '310119', '南汇区', '310100'),
(800, '310120', '奉贤区', '310100'),
(801, '310230', '崇明县', '310200'),
(802, '320101', '市辖区', '320100'),
(803, '320102', '玄武区', '320100'),
(804, '320103', '白下区', '320100'),
(805, '320104', '秦淮区', '320100'),
(806, '320105', '建邺区', '320100'),
(807, '320106', '鼓楼区', '320100'),
(808, '320107', '下关区', '320100'),
(809, '320111', '浦口区', '320100'),
(810, '320113', '栖霞区', '320100'),
(811, '320114', '雨花台区', '320100'),
(812, '320115', '江宁区', '320100'),
(813, '320116', '六合区', '320100'),
(814, '320124', '溧水县', '320100'),
(815, '320125', '高淳县', '320100'),
(816, '320201', '市辖区', '320200'),
(817, '320202', '崇安区', '320200'),
(818, '320203', '南长区', '320200'),
(819, '320204', '北塘区', '320200'),
(820, '320205', '锡山区', '320200'),
(821, '320206', '惠山区', '320200'),
(822, '320211', '滨湖区', '320200'),
(823, '320281', '江阴市', '320200'),
(824, '320282', '宜兴市', '320200'),
(825, '320301', '市辖区', '320300'),
(826, '320302', '鼓楼区', '320300'),
(827, '320303', '云龙区', '320300'),
(828, '320304', '九里区', '320300'),
(829, '320305', '贾汪区', '320300'),
(830, '320311', '泉山区', '320300'),
(831, '320321', '丰　县', '320300'),
(832, '320322', '沛　县', '320300'),
(833, '320323', '铜山县', '320300'),
(834, '320324', '睢宁县', '320300'),
(835, '320381', '新沂市', '320300'),
(836, '320382', '邳州市', '320300'),
(837, '320401', '市辖区', '320400'),
(838, '320402', '天宁区', '320400'),
(839, '320404', '钟楼区', '320400'),
(840, '320405', '戚墅堰区', '320400'),
(841, '320411', '新北区', '320400'),
(842, '320412', '武进区', '320400'),
(843, '320481', '溧阳市', '320400'),
(844, '320482', '金坛市', '320400'),
(845, '320501', '市辖区', '320500'),
(846, '320502', '沧浪区', '320500'),
(847, '320503', '平江区', '320500'),
(848, '320504', '金阊区', '320500'),
(849, '320505', '虎丘区', '320500'),
(850, '320506', '吴中区', '320500'),
(851, '320507', '相城区', '320500'),
(852, '320581', '常熟市', '320500'),
(853, '320582', '张家港市', '320500'),
(854, '320583', '昆山市', '320500'),
(855, '320584', '吴江市', '320500'),
(856, '320585', '太仓市', '320500'),
(857, '320601', '市辖区', '320600'),
(858, '320602', '崇川区', '320600'),
(859, '320611', '港闸区', '320600'),
(860, '320621', '海安县', '320600'),
(861, '320623', '如东县', '320600'),
(862, '320681', '启东市', '320600'),
(863, '320682', '如皋市', '320600'),
(864, '320683', '通州市', '320600'),
(865, '320684', '海门市', '320600'),
(866, '320701', '市辖区', '320700'),
(867, '320703', '连云区', '320700'),
(868, '320705', '新浦区', '320700'),
(869, '320706', '海州区', '320700'),
(870, '320721', '赣榆县', '320700'),
(871, '320722', '东海县', '320700'),
(872, '320723', '灌云县', '320700'),
(873, '320724', '灌南县', '320700'),
(874, '320801', '市辖区', '320800'),
(875, '320802', '清河区', '320800'),
(876, '320803', '楚州区', '320800'),
(877, '320804', '淮阴区', '320800'),
(878, '320811', '清浦区', '320800'),
(879, '320826', '涟水县', '320800'),
(880, '320829', '洪泽县', '320800'),
(881, '320830', '盱眙县', '320800'),
(882, '320831', '金湖县', '320800'),
(883, '320901', '市辖区', '320900'),
(884, '320902', '亭湖区', '320900'),
(885, '320903', '盐都区', '320900'),
(886, '320921', '响水县', '320900'),
(887, '320922', '滨海县', '320900'),
(888, '320923', '阜宁县', '320900'),
(889, '320924', '射阳县', '320900'),
(890, '320925', '建湖县', '320900'),
(891, '320981', '东台市', '320900'),
(892, '320982', '大丰市', '320900'),
(893, '321001', '市辖区', '321000'),
(894, '321002', '广陵区', '321000'),
(895, '321003', '邗江区', '321000'),
(896, '321011', '郊　区', '321000'),
(897, '321023', '宝应县', '321000'),
(898, '321081', '仪征市', '321000'),
(899, '321084', '高邮市', '321000'),
(900, '321088', '江都市', '321000'),
(901, '321101', '市辖区', '321100'),
(902, '321102', '京口区', '321100'),
(903, '321111', '润州区', '321100'),
(904, '321112', '丹徒区', '321100'),
(905, '321181', '丹阳市', '321100'),
(906, '321182', '扬中市', '321100'),
(907, '321183', '句容市', '321100'),
(908, '321201', '市辖区', '321200'),
(909, '321202', '海陵区', '321200'),
(910, '321203', '高港区', '321200'),
(911, '321281', '兴化市', '321200'),
(912, '321282', '靖江市', '321200'),
(913, '321283', '泰兴市', '321200'),
(914, '321284', '姜堰市', '321200'),
(915, '321301', '市辖区', '321300'),
(916, '321302', '宿城区', '321300'),
(917, '321311', '宿豫区', '321300'),
(918, '321322', '沭阳县', '321300'),
(919, '321323', '泗阳县', '321300'),
(920, '321324', '泗洪县', '321300'),
(921, '330101', '市辖区', '330100'),
(922, '330102', '上城区', '330100'),
(923, '330103', '下城区', '330100'),
(924, '330104', '江干区', '330100'),
(925, '330105', '拱墅区', '330100'),
(926, '330106', '西湖区', '330100'),
(927, '330108', '滨江区', '330100'),
(928, '330109', '萧山区', '330100'),
(929, '330110', '余杭区', '330100'),
(930, '330122', '桐庐县', '330100'),
(931, '330127', '淳安县', '330100'),
(932, '330182', '建德市', '330100'),
(933, '330183', '富阳市', '330100'),
(934, '330185', '临安市', '330100'),
(935, '330201', '市辖区', '330200'),
(936, '330203', '海曙区', '330200'),
(937, '330204', '江东区', '330200'),
(938, '330205', '江北区', '330200'),
(939, '330206', '北仑区', '330200'),
(940, '330211', '镇海区', '330200'),
(941, '330212', '鄞州区', '330200'),
(942, '330225', '象山县', '330200'),
(943, '330226', '宁海县', '330200'),
(944, '330281', '余姚市', '330200'),
(945, '330282', '慈溪市', '330200'),
(946, '330283', '奉化市', '330200'),
(947, '330301', '市辖区', '330300'),
(948, '330302', '鹿城区', '330300'),
(949, '330303', '龙湾区', '330300'),
(950, '330304', '瓯海区', '330300'),
(951, '330322', '洞头县', '330300'),
(952, '330324', '永嘉县', '330300'),
(953, '330326', '平阳县', '330300'),
(954, '330327', '苍南县', '330300'),
(955, '330328', '文成县', '330300'),
(956, '330329', '泰顺县', '330300'),
(957, '330381', '瑞安市', '330300'),
(958, '330382', '乐清市', '330300'),
(959, '330401', '市辖区', '330400'),
(960, '330402', '秀城区', '330400'),
(961, '330411', '秀洲区', '330400'),
(962, '330421', '嘉善县', '330400'),
(963, '330424', '海盐县', '330400'),
(964, '330481', '海宁市', '330400'),
(965, '330482', '平湖市', '330400'),
(966, '330483', '桐乡市', '330400'),
(967, '330501', '市辖区', '330500'),
(968, '330502', '吴兴区', '330500'),
(969, '330503', '南浔区', '330500'),
(970, '330521', '德清县', '330500'),
(971, '330522', '长兴县', '330500'),
(972, '330523', '安吉县', '330500'),
(973, '330601', '市辖区', '330600'),
(974, '330602', '越城区', '330600'),
(975, '330621', '绍兴县', '330600'),
(976, '330624', '新昌县', '330600'),
(977, '330681', '诸暨市', '330600'),
(978, '330682', '上虞市', '330600'),
(979, '330683', '嵊州市', '330600'),
(980, '330701', '市辖区', '330700'),
(981, '330702', '婺城区', '330700'),
(982, '330703', '金东区', '330700'),
(983, '330723', '武义县', '330700'),
(984, '330726', '浦江县', '330700'),
(985, '330727', '磐安县', '330700'),
(986, '330781', '兰溪市', '330700'),
(987, '330782', '义乌市', '330700'),
(988, '330783', '东阳市', '330700'),
(989, '330784', '永康市', '330700'),
(990, '330801', '市辖区', '330800'),
(991, '330802', '柯城区', '330800'),
(992, '330803', '衢江区', '330800'),
(993, '330822', '常山县', '330800'),
(994, '330824', '开化县', '330800'),
(995, '330825', '龙游县', '330800'),
(996, '330881', '江山市', '330800'),
(997, '330901', '市辖区', '330900'),
(998, '330902', '定海区', '330900'),
(999, '330903', '普陀区', '330900'),
(1000, '330921', '岱山县', '330900'),
(1001, '330922', '嵊泗县', '330900'),
(1002, '331001', '市辖区', '331000'),
(1003, '331002', '椒江区', '331000'),
(1004, '331003', '黄岩区', '331000'),
(1005, '331004', '路桥区', '331000'),
(1006, '331021', '玉环县', '331000'),
(1007, '331022', '三门县', '331000'),
(1008, '331023', '天台县', '331000'),
(1009, '331024', '仙居县', '331000'),
(1010, '331081', '温岭市', '331000'),
(1011, '331082', '临海市', '331000'),
(1012, '331101', '市辖区', '331100'),
(1013, '331102', '莲都区', '331100'),
(1014, '331121', '青田县', '331100'),
(1015, '331122', '缙云县', '331100'),
(1016, '331123', '遂昌县', '331100'),
(1017, '331124', '松阳县', '331100'),
(1018, '331125', '云和县', '331100'),
(1019, '331126', '庆元县', '331100'),
(1020, '331127', '景宁畲族自治县', '331100'),
(1021, '331181', '龙泉市', '331100'),
(1022, '340101', '市辖区', '340100'),
(1023, '340102', '瑶海区', '340100'),
(1024, '340103', '庐阳区', '340100'),
(1025, '340104', '蜀山区', '340100'),
(1026, '340111', '包河区', '340100'),
(1027, '340121', '长丰县', '340100'),
(1028, '340122', '肥东县', '340100'),
(1029, '340123', '肥西县', '340100'),
(1030, '340201', '市辖区', '340200'),
(1031, '340202', '镜湖区', '340200'),
(1032, '340203', '马塘区', '340200'),
(1033, '340204', '新芜区', '340200'),
(1034, '340207', '鸠江区', '340200'),
(1035, '340221', '芜湖县', '340200'),
(1036, '340222', '繁昌县', '340200'),
(1037, '340223', '南陵县', '340200'),
(1038, '340301', '市辖区', '340300'),
(1039, '340302', '龙子湖区', '340300'),
(1040, '340303', '蚌山区', '340300'),
(1041, '340304', '禹会区', '340300'),
(1042, '340311', '淮上区', '340300'),
(1043, '340321', '怀远县', '340300'),
(1044, '340322', '五河县', '340300'),
(1045, '340323', '固镇县', '340300'),
(1046, '340401', '市辖区', '340400'),
(1047, '340402', '大通区', '340400'),
(1048, '340403', '田家庵区', '340400'),
(1049, '340404', '谢家集区', '340400'),
(1050, '340405', '八公山区', '340400'),
(1051, '340406', '潘集区', '340400'),
(1052, '340421', '凤台县', '340400'),
(1053, '340501', '市辖区', '340500'),
(1054, '340502', '金家庄区', '340500'),
(1055, '340503', '花山区', '340500'),
(1056, '340504', '雨山区', '340500'),
(1057, '340521', '当涂县', '340500'),
(1058, '340601', '市辖区', '340600'),
(1059, '340602', '杜集区', '340600'),
(1060, '340603', '相山区', '340600'),
(1061, '340604', '烈山区', '340600'),
(1062, '340621', '濉溪县', '340600'),
(1063, '340701', '市辖区', '340700'),
(1064, '340702', '铜官山区', '340700'),
(1065, '340703', '狮子山区', '340700'),
(1066, '340711', '郊　区', '340700'),
(1067, '340721', '铜陵县', '340700'),
(1068, '340801', '市辖区', '340800'),
(1069, '340802', '迎江区', '340800'),
(1070, '340803', '大观区', '340800'),
(1071, '340811', '郊　区', '340800'),
(1072, '340822', '怀宁县', '340800'),
(1073, '340823', '枞阳县', '340800'),
(1074, '340824', '潜山县', '340800'),
(1075, '340825', '太湖县', '340800'),
(1076, '340826', '宿松县', '340800'),
(1077, '340827', '望江县', '340800'),
(1078, '340828', '岳西县', '340800'),
(1079, '340881', '桐城市', '340800'),
(1080, '341001', '市辖区', '341000'),
(1081, '341002', '屯溪区', '341000'),
(1082, '341003', '黄山区', '341000'),
(1083, '341004', '徽州区', '341000'),
(1084, '341021', '歙　县', '341000'),
(1085, '341022', '休宁县', '341000'),
(1086, '341023', '黟　县', '341000'),
(1087, '341024', '祁门县', '341000'),
(1088, '341101', '市辖区', '341100'),
(1089, '341102', '琅琊区', '341100'),
(1090, '341103', '南谯区', '341100'),
(1091, '341122', '来安县', '341100'),
(1092, '341124', '全椒县', '341100'),
(1093, '341125', '定远县', '341100'),
(1094, '341126', '凤阳县', '341100'),
(1095, '341181', '天长市', '341100'),
(1096, '341182', '明光市', '341100'),
(1097, '341201', '市辖区', '341200'),
(1098, '341202', '颍州区', '341200'),
(1099, '341203', '颍东区', '341200'),
(1100, '341204', '颍泉区', '341200'),
(1101, '341221', '临泉县', '341200'),
(1102, '341222', '太和县', '341200'),
(1103, '341225', '阜南县', '341200'),
(1104, '341226', '颍上县', '341200'),
(1105, '341282', '界首市', '341200'),
(1106, '341301', '市辖区', '341300'),
(1107, '341302', '墉桥区', '341300'),
(1108, '341321', '砀山县', '341300'),
(1109, '341322', '萧　县', '341300'),
(1110, '341323', '灵璧县', '341300'),
(1111, '341324', '泗　县', '341300'),
(1112, '341401', '市辖区', '341400'),
(1113, '341402', '居巢区', '341400'),
(1114, '341421', '庐江县', '341400'),
(1115, '341422', '无为县', '341400'),
(1116, '341423', '含山县', '341400'),
(1117, '341424', '和　县', '341400'),
(1118, '341501', '市辖区', '341500'),
(1119, '341502', '金安区', '341500'),
(1120, '341503', '裕安区', '341500'),
(1121, '341521', '寿　县', '341500'),
(1122, '341522', '霍邱县', '341500'),
(1123, '341523', '舒城县', '341500'),
(1124, '341524', '金寨县', '341500'),
(1125, '341525', '霍山县', '341500'),
(1126, '341601', '市辖区', '341600'),
(1127, '341602', '谯城区', '341600'),
(1128, '341621', '涡阳县', '341600'),
(1129, '341622', '蒙城县', '341600'),
(1130, '341623', '利辛县', '341600'),
(1131, '341701', '市辖区', '341700'),
(1132, '341702', '贵池区', '341700'),
(1133, '341721', '东至县', '341700'),
(1134, '341722', '石台县', '341700'),
(1135, '341723', '青阳县', '341700'),
(1136, '341801', '市辖区', '341800'),
(1137, '341802', '宣州区', '341800'),
(1138, '341821', '郎溪县', '341800'),
(1139, '341822', '广德县', '341800'),
(1140, '341823', '泾　县', '341800'),
(1141, '341824', '绩溪县', '341800'),
(1142, '341825', '旌德县', '341800'),
(1143, '341881', '宁国市', '341800'),
(1144, '350101', '市辖区', '350100'),
(1145, '350102', '鼓楼区', '350100'),
(1146, '350103', '台江区', '350100'),
(1147, '350104', '仓山区', '350100'),
(1148, '350105', '马尾区', '350100'),
(1149, '350111', '晋安区', '350100'),
(1150, '350121', '闽侯县', '350100'),
(1151, '350122', '连江县', '350100'),
(1152, '350123', '罗源县', '350100'),
(1153, '350124', '闽清县', '350100'),
(1154, '350125', '永泰县', '350100'),
(1155, '350128', '平潭县', '350100'),
(1156, '350181', '福清市', '350100'),
(1157, '350182', '长乐市', '350100'),
(1158, '350201', '市辖区', '350200'),
(1159, '350203', '思明区', '350200'),
(1160, '350205', '海沧区', '350200'),
(1161, '350206', '湖里区', '350200'),
(1162, '350211', '集美区', '350200'),
(1163, '350212', '同安区', '350200'),
(1164, '350213', '翔安区', '350200'),
(1165, '350301', '市辖区', '350300'),
(1166, '350302', '城厢区', '350300'),
(1167, '350303', '涵江区', '350300'),
(1168, '350304', '荔城区', '350300'),
(1169, '350305', '秀屿区', '350300'),
(1170, '350322', '仙游县', '350300'),
(1171, '350401', '市辖区', '350400'),
(1172, '350402', '梅列区', '350400'),
(1173, '350403', '三元区', '350400'),
(1174, '350421', '明溪县', '350400'),
(1175, '350423', '清流县', '350400'),
(1176, '350424', '宁化县', '350400'),
(1177, '350425', '大田县', '350400'),
(1178, '350426', '尤溪县', '350400'),
(1179, '350427', '沙　县', '350400'),
(1180, '350428', '将乐县', '350400'),
(1181, '350429', '泰宁县', '350400'),
(1182, '350430', '建宁县', '350400'),
(1183, '350481', '永安市', '350400'),
(1184, '350501', '市辖区', '350500'),
(1185, '350502', '鲤城区', '350500'),
(1186, '350503', '丰泽区', '350500'),
(1187, '350504', '洛江区', '350500'),
(1188, '350505', '泉港区', '350500'),
(1189, '350521', '惠安县', '350500'),
(1190, '350524', '安溪县', '350500'),
(1191, '350525', '永春县', '350500'),
(1192, '350526', '德化县', '350500'),
(1193, '350527', '金门县', '350500'),
(1194, '350581', '石狮市', '350500'),
(1195, '350582', '晋江市', '350500'),
(1196, '350583', '南安市', '350500'),
(1197, '350601', '市辖区', '350600'),
(1198, '350602', '芗城区', '350600'),
(1199, '350603', '龙文区', '350600'),
(1200, '350622', '云霄县', '350600'),
(1201, '350623', '漳浦县', '350600'),
(1202, '350624', '诏安县', '350600'),
(1203, '350625', '长泰县', '350600'),
(1204, '350626', '东山县', '350600'),
(1205, '350627', '南靖县', '350600'),
(1206, '350628', '平和县', '350600'),
(1207, '350629', '华安县', '350600'),
(1208, '350681', '龙海市', '350600'),
(1209, '350701', '市辖区', '350700'),
(1210, '350702', '延平区', '350700'),
(1211, '350721', '顺昌县', '350700'),
(1212, '350722', '浦城县', '350700'),
(1213, '350723', '光泽县', '350700'),
(1214, '350724', '松溪县', '350700'),
(1215, '350725', '政和县', '350700'),
(1216, '350781', '邵武市', '350700'),
(1217, '350782', '武夷山市', '350700'),
(1218, '350783', '建瓯市', '350700'),
(1219, '350784', '建阳市', '350700'),
(1220, '350801', '市辖区', '350800'),
(1221, '350802', '新罗区', '350800'),
(1222, '350821', '长汀县', '350800'),
(1223, '350822', '永定县', '350800'),
(1224, '350823', '上杭县', '350800'),
(1225, '350824', '武平县', '350800'),
(1226, '350825', '连城县', '350800'),
(1227, '350881', '漳平市', '350800'),
(1228, '350901', '市辖区', '350900'),
(1229, '350902', '蕉城区', '350900'),
(1230, '350921', '霞浦县', '350900'),
(1231, '350922', '古田县', '350900'),
(1232, '350923', '屏南县', '350900'),
(1233, '350924', '寿宁县', '350900'),
(1234, '350925', '周宁县', '350900'),
(1235, '350926', '柘荣县', '350900'),
(1236, '350981', '福安市', '350900'),
(1237, '350982', '福鼎市', '350900'),
(1238, '360101', '市辖区', '360100'),
(1239, '360102', '东湖区', '360100'),
(1240, '360103', '西湖区', '360100'),
(1241, '360104', '青云谱区', '360100'),
(1242, '360105', '湾里区', '360100'),
(1243, '360111', '青山湖区', '360100'),
(1244, '360121', '南昌县', '360100'),
(1245, '360122', '新建县', '360100'),
(1246, '360123', '安义县', '360100'),
(1247, '360124', '进贤县', '360100'),
(1248, '360201', '市辖区', '360200'),
(1249, '360202', '昌江区', '360200'),
(1250, '360203', '珠山区', '360200'),
(1251, '360222', '浮梁县', '360200'),
(1252, '360281', '乐平市', '360200'),
(1253, '360301', '市辖区', '360300'),
(1254, '360302', '安源区', '360300'),
(1255, '360313', '湘东区', '360300'),
(1256, '360321', '莲花县', '360300'),
(1257, '360322', '上栗县', '360300'),
(1258, '360323', '芦溪县', '360300'),
(1259, '360401', '市辖区', '360400'),
(1260, '360402', '庐山区', '360400'),
(1261, '360403', '浔阳区', '360400'),
(1262, '360421', '九江县', '360400'),
(1263, '360423', '武宁县', '360400'),
(1264, '360424', '修水县', '360400'),
(1265, '360425', '永修县', '360400'),
(1266, '360426', '德安县', '360400'),
(1267, '360427', '星子县', '360400'),
(1268, '360428', '都昌县', '360400'),
(1269, '360429', '湖口县', '360400'),
(1270, '360430', '彭泽县', '360400'),
(1271, '360481', '瑞昌市', '360400'),
(1272, '360501', '市辖区', '360500'),
(1273, '360502', '渝水区', '360500'),
(1274, '360521', '分宜县', '360500'),
(1275, '360601', '市辖区', '360600'),
(1276, '360602', '月湖区', '360600'),
(1277, '360622', '余江县', '360600'),
(1278, '360681', '贵溪市', '360600'),
(1279, '360701', '市辖区', '360700'),
(1280, '360702', '章贡区', '360700'),
(1281, '360721', '赣　县', '360700'),
(1282, '360722', '信丰县', '360700'),
(1283, '360723', '大余县', '360700'),
(1284, '360724', '上犹县', '360700'),
(1285, '360725', '崇义县', '360700'),
(1286, '360726', '安远县', '360700'),
(1287, '360727', '龙南县', '360700'),
(1288, '360728', '定南县', '360700'),
(1289, '360729', '全南县', '360700'),
(1290, '360730', '宁都县', '360700'),
(1291, '360731', '于都县', '360700'),
(1292, '360732', '兴国县', '360700'),
(1293, '360733', '会昌县', '360700'),
(1294, '360734', '寻乌县', '360700'),
(1295, '360735', '石城县', '360700'),
(1296, '360781', '瑞金市', '360700'),
(1297, '360782', '南康市', '360700'),
(1298, '360801', '市辖区', '360800'),
(1299, '360802', '吉州区', '360800'),
(1300, '360803', '青原区', '360800'),
(1301, '360821', '吉安县', '360800'),
(1302, '360822', '吉水县', '360800'),
(1303, '360823', '峡江县', '360800'),
(1304, '360824', '新干县', '360800'),
(1305, '360825', '永丰县', '360800'),
(1306, '360826', '泰和县', '360800'),
(1307, '360827', '遂川县', '360800'),
(1308, '360828', '万安县', '360800'),
(1309, '360829', '安福县', '360800'),
(1310, '360830', '永新县', '360800'),
(1311, '360881', '井冈山市', '360800'),
(1312, '360901', '市辖区', '360900'),
(1313, '360902', '袁州区', '360900'),
(1314, '360921', '奉新县', '360900'),
(1315, '360922', '万载县', '360900'),
(1316, '360923', '上高县', '360900'),
(1317, '360924', '宜丰县', '360900'),
(1318, '360925', '靖安县', '360900'),
(1319, '360926', '铜鼓县', '360900'),
(1320, '360981', '丰城市', '360900'),
(1321, '360982', '樟树市', '360900'),
(1322, '360983', '高安市', '360900'),
(1323, '361001', '市辖区', '361000'),
(1324, '361002', '临川区', '361000'),
(1325, '361021', '南城县', '361000'),
(1326, '361022', '黎川县', '361000'),
(1327, '361023', '南丰县', '361000'),
(1328, '361024', '崇仁县', '361000'),
(1329, '361025', '乐安县', '361000'),
(1330, '361026', '宜黄县', '361000'),
(1331, '361027', '金溪县', '361000'),
(1332, '361028', '资溪县', '361000'),
(1333, '361029', '东乡县', '361000'),
(1334, '361030', '广昌县', '361000'),
(1335, '361101', '市辖区', '361100'),
(1336, '361102', '信州区', '361100'),
(1337, '361121', '上饶县', '361100'),
(1338, '361122', '广丰县', '361100'),
(1339, '361123', '玉山县', '361100'),
(1340, '361124', '铅山县', '361100'),
(1341, '361125', '横峰县', '361100'),
(1342, '361126', '弋阳县', '361100'),
(1343, '361127', '余干县', '361100'),
(1344, '361128', '鄱阳县', '361100'),
(1345, '361129', '万年县', '361100'),
(1346, '361130', '婺源县', '361100'),
(1347, '361181', '德兴市', '361100'),
(1348, '370101', '市辖区', '370100'),
(1349, '370102', '历下区', '370100'),
(1350, '370103', '市中区', '370100'),
(1351, '370104', '槐荫区', '370100'),
(1352, '370105', '天桥区', '370100'),
(1353, '370112', '历城区', '370100'),
(1354, '370113', '长清区', '370100'),
(1355, '370124', '平阴县', '370100'),
(1356, '370125', '济阳县', '370100'),
(1357, '370126', '商河县', '370100'),
(1358, '370181', '章丘市', '370100'),
(1359, '370201', '市辖区', '370200'),
(1360, '370202', '市南区', '370200'),
(1361, '370203', '市北区', '370200'),
(1362, '370205', '四方区', '370200'),
(1363, '370211', '黄岛区', '370200'),
(1364, '370212', '崂山区', '370200'),
(1365, '370213', '李沧区', '370200'),
(1366, '370214', '城阳区', '370200'),
(1367, '370281', '胶州市', '370200'),
(1368, '370282', '即墨市', '370200'),
(1369, '370283', '平度市', '370200'),
(1370, '370284', '胶南市', '370200'),
(1371, '370285', '莱西市', '370200'),
(1372, '370301', '市辖区', '370300'),
(1373, '370302', '淄川区', '370300'),
(1374, '370303', '张店区', '370300'),
(1375, '370304', '博山区', '370300'),
(1376, '370305', '临淄区', '370300'),
(1377, '370306', '周村区', '370300'),
(1378, '370321', '桓台县', '370300'),
(1379, '370322', '高青县', '370300'),
(1380, '370323', '沂源县', '370300'),
(1381, '370401', '市辖区', '370400'),
(1382, '370402', '市中区', '370400'),
(1383, '370403', '薛城区', '370400'),
(1384, '370404', '峄城区', '370400'),
(1385, '370405', '台儿庄区', '370400'),
(1386, '370406', '山亭区', '370400'),
(1387, '370481', '滕州市', '370400'),
(1388, '370501', '市辖区', '370500'),
(1389, '370502', '东营区', '370500'),
(1390, '370503', '河口区', '370500'),
(1391, '370521', '垦利县', '370500'),
(1392, '370522', '利津县', '370500'),
(1393, '370523', '广饶县', '370500'),
(1394, '370601', '市辖区', '370600'),
(1395, '370602', '芝罘区', '370600'),
(1396, '370611', '福山区', '370600'),
(1397, '370612', '牟平区', '370600'),
(1398, '370613', '莱山区', '370600'),
(1399, '370634', '长岛县', '370600'),
(1400, '370681', '龙口市', '370600'),
(1401, '370682', '莱阳市', '370600'),
(1402, '370683', '莱州市', '370600'),
(1403, '370684', '蓬莱市', '370600'),
(1404, '370685', '招远市', '370600'),
(1405, '370686', '栖霞市', '370600'),
(1406, '370687', '海阳市', '370600'),
(1407, '370701', '市辖区', '370700'),
(1408, '370702', '潍城区', '370700'),
(1409, '370703', '寒亭区', '370700'),
(1410, '370704', '坊子区', '370700'),
(1411, '370705', '奎文区', '370700'),
(1412, '370724', '临朐县', '370700'),
(1413, '370725', '昌乐县', '370700'),
(1414, '370781', '青州市', '370700'),
(1415, '370782', '诸城市', '370700'),
(1416, '370783', '寿光市', '370700'),
(1417, '370784', '安丘市', '370700'),
(1418, '370785', '高密市', '370700'),
(1419, '370786', '昌邑市', '370700'),
(1420, '370801', '市辖区', '370800'),
(1421, '370802', '市中区', '370800'),
(1422, '370811', '任城区', '370800'),
(1423, '370826', '微山县', '370800'),
(1424, '370827', '鱼台县', '370800'),
(1425, '370828', '金乡县', '370800'),
(1426, '370829', '嘉祥县', '370800'),
(1427, '370830', '汶上县', '370800'),
(1428, '370831', '泗水县', '370800'),
(1429, '370832', '梁山县', '370800'),
(1430, '370881', '曲阜市', '370800'),
(1431, '370882', '兖州市', '370800'),
(1432, '370883', '邹城市', '370800'),
(1433, '370901', '市辖区', '370900'),
(1434, '370902', '泰山区', '370900'),
(1435, '370903', '岱岳区', '370900'),
(1436, '370921', '宁阳县', '370900'),
(1437, '370923', '东平县', '370900'),
(1438, '370982', '新泰市', '370900'),
(1439, '370983', '肥城市', '370900'),
(1440, '371001', '市辖区', '371000'),
(1441, '371002', '环翠区', '371000'),
(1442, '371081', '文登市', '371000'),
(1443, '371082', '荣成市', '371000'),
(1444, '371083', '乳山市', '371000'),
(1445, '371101', '市辖区', '371100'),
(1446, '371102', '东港区', '371100'),
(1447, '371103', '岚山区', '371100'),
(1448, '371121', '五莲县', '371100'),
(1449, '371122', '莒　县', '371100'),
(1450, '371201', '市辖区', '371200'),
(1451, '371202', '莱城区', '371200'),
(1452, '371203', '钢城区', '371200'),
(1453, '371301', '市辖区', '371300'),
(1454, '371302', '兰山区', '371300'),
(1455, '371311', '罗庄区', '371300'),
(1456, '371312', '河东区', '371300'),
(1457, '371321', '沂南县', '371300'),
(1458, '371322', '郯城县', '371300'),
(1459, '371323', '沂水县', '371300'),
(1460, '371324', '苍山县', '371300'),
(1461, '371325', '费　县', '371300'),
(1462, '371326', '平邑县', '371300'),
(1463, '371327', '莒南县', '371300'),
(1464, '371328', '蒙阴县', '371300'),
(1465, '371329', '临沭县', '371300'),
(1466, '371401', '市辖区', '371400'),
(1467, '371402', '德城区', '371400'),
(1468, '371421', '陵　县', '371400'),
(1469, '371422', '宁津县', '371400'),
(1470, '371423', '庆云县', '371400'),
(1471, '371424', '临邑县', '371400'),
(1472, '371425', '齐河县', '371400'),
(1473, '371426', '平原县', '371400'),
(1474, '371427', '夏津县', '371400'),
(1475, '371428', '武城县', '371400'),
(1476, '371481', '乐陵市', '371400'),
(1477, '371482', '禹城市', '371400'),
(1478, '371501', '市辖区', '371500'),
(1479, '371502', '东昌府区', '371500'),
(1480, '371521', '阳谷县', '371500'),
(1481, '371522', '莘　县', '371500'),
(1482, '371523', '茌平县', '371500'),
(1483, '371524', '东阿县', '371500'),
(1484, '371525', '冠　县', '371500'),
(1485, '371526', '高唐县', '371500'),
(1486, '371581', '临清市', '371500'),
(1487, '371601', '市辖区', '371600'),
(1488, '371602', '滨城区', '371600'),
(1489, '371621', '惠民县', '371600'),
(1490, '371622', '阳信县', '371600'),
(1491, '371623', '无棣县', '371600'),
(1492, '371624', '沾化县', '371600'),
(1493, '371625', '博兴县', '371600'),
(1494, '371626', '邹平县', '371600'),
(1495, '371701', '市辖区', '371700'),
(1496, '371702', '牡丹区', '371700'),
(1497, '371721', '曹　县', '371700'),
(1498, '371722', '单　县', '371700'),
(1499, '371723', '成武县', '371700'),
(1500, '371724', '巨野县', '371700'),
(1501, '371725', '郓城县', '371700'),
(1502, '371726', '鄄城县', '371700'),
(1503, '371727', '定陶县', '371700'),
(1504, '371728', '东明县', '371700'),
(1505, '410101', '市辖区', '410100'),
(1506, '410102', '中原区', '410100'),
(1507, '410103', '二七区', '410100'),
(1508, '410104', '管城回族区', '410100'),
(1509, '410105', '金水区', '410100'),
(1510, '410106', '上街区', '410100'),
(1511, '410108', '邙山区', '410100'),
(1512, '410122', '中牟县', '410100'),
(1513, '410181', '巩义市', '410100'),
(1514, '410182', '荥阳市', '410100'),
(1515, '410183', '新密市', '410100'),
(1516, '410184', '新郑市', '410100'),
(1517, '410185', '登封市', '410100'),
(1518, '410201', '市辖区', '410200'),
(1519, '410202', '龙亭区', '410200'),
(1520, '410203', '顺河回族区', '410200'),
(1521, '410204', '鼓楼区', '410200'),
(1522, '410205', '南关区', '410200'),
(1523, '410211', '郊　区', '410200'),
(1524, '410221', '杞　县', '410200'),
(1525, '410222', '通许县', '410200'),
(1526, '410223', '尉氏县', '410200'),
(1527, '410224', '开封县', '410200'),
(1528, '410225', '兰考县', '410200'),
(1529, '410301', '市辖区', '410300'),
(1530, '410302', '老城区', '410300'),
(1531, '410303', '西工区', '410300'),
(1532, '410304', '廛河回族区', '410300'),
(1533, '410305', '涧西区', '410300'),
(1534, '410306', '吉利区', '410300'),
(1535, '410307', '洛龙区', '410300'),
(1536, '410322', '孟津县', '410300'),
(1537, '410323', '新安县', '410300');
INSERT INTO `areas` (`id`, `areaid`, `area`, `cityid`) VALUES
(1538, '410324', '栾川县', '410300'),
(1539, '410325', '嵩　县', '410300'),
(1540, '410326', '汝阳县', '410300'),
(1541, '410327', '宜阳县', '410300'),
(1542, '410328', '洛宁县', '410300'),
(1543, '410329', '伊川县', '410300'),
(1544, '410381', '偃师市', '410300'),
(1545, '410401', '市辖区', '410400'),
(1546, '410402', '新华区', '410400'),
(1547, '410403', '卫东区', '410400'),
(1548, '410404', '石龙区', '410400'),
(1549, '410411', '湛河区', '410400'),
(1550, '410421', '宝丰县', '410400'),
(1551, '410422', '叶　县', '410400'),
(1552, '410423', '鲁山县', '410400'),
(1553, '410425', '郏　县', '410400'),
(1554, '410481', '舞钢市', '410400'),
(1555, '410482', '汝州市', '410400'),
(1556, '410501', '市辖区', '410500'),
(1557, '410502', '文峰区', '410500'),
(1558, '410503', '北关区', '410500'),
(1559, '410505', '殷都区', '410500'),
(1560, '410506', '龙安区', '410500'),
(1561, '410522', '安阳县', '410500'),
(1562, '410523', '汤阴县', '410500'),
(1563, '410526', '滑　县', '410500'),
(1564, '410527', '内黄县', '410500'),
(1565, '410581', '林州市', '410500'),
(1566, '410601', '市辖区', '410600'),
(1567, '410602', '鹤山区', '410600'),
(1568, '410603', '山城区', '410600'),
(1569, '410611', '淇滨区', '410600'),
(1570, '410621', '浚　县', '410600'),
(1571, '410622', '淇　县', '410600'),
(1572, '410701', '市辖区', '410700'),
(1573, '410702', '红旗区', '410700'),
(1574, '410703', '卫滨区', '410700'),
(1575, '410704', '凤泉区', '410700'),
(1576, '410711', '牧野区', '410700'),
(1577, '410721', '新乡县', '410700'),
(1578, '410724', '获嘉县', '410700'),
(1579, '410725', '原阳县', '410700'),
(1580, '410726', '延津县', '410700'),
(1581, '410727', '封丘县', '410700'),
(1582, '410728', '长垣县', '410700'),
(1583, '410781', '卫辉市', '410700'),
(1584, '410782', '辉县市', '410700'),
(1585, '410801', '市辖区', '410800'),
(1586, '410802', '解放区', '410800'),
(1587, '410803', '中站区', '410800'),
(1588, '410804', '马村区', '410800'),
(1589, '410811', '山阳区', '410800'),
(1590, '410821', '修武县', '410800'),
(1591, '410822', '博爱县', '410800'),
(1592, '410823', '武陟县', '410800'),
(1593, '410825', '温　县', '410800'),
(1594, '410881', '济源市', '410800'),
(1595, '410882', '沁阳市', '410800'),
(1596, '410883', '孟州市', '410800'),
(1597, '410901', '市辖区', '410900'),
(1598, '410902', '华龙区', '410900'),
(1599, '410922', '清丰县', '410900'),
(1600, '410923', '南乐县', '410900'),
(1601, '410926', '范　县', '410900'),
(1602, '410927', '台前县', '410900'),
(1603, '410928', '濮阳县', '410900'),
(1604, '411001', '市辖区', '411000'),
(1605, '411002', '魏都区', '411000'),
(1606, '411023', '许昌县', '411000'),
(1607, '411024', '鄢陵县', '411000'),
(1608, '411025', '襄城县', '411000'),
(1609, '411081', '禹州市', '411000'),
(1610, '411082', '长葛市', '411000'),
(1611, '411101', '市辖区', '411100'),
(1612, '411102', '源汇区', '411100'),
(1613, '411103', '郾城区', '411100'),
(1614, '411104', '召陵区', '411100'),
(1615, '411121', '舞阳县', '411100'),
(1616, '411122', '临颍县', '411100'),
(1617, '411201', '市辖区', '411200'),
(1618, '411202', '湖滨区', '411200'),
(1619, '411221', '渑池县', '411200'),
(1620, '411222', '陕　县', '411200'),
(1621, '411224', '卢氏县', '411200'),
(1622, '411281', '义马市', '411200'),
(1623, '411282', '灵宝市', '411200'),
(1624, '411301', '市辖区', '411300'),
(1625, '411302', '宛城区', '411300'),
(1626, '411303', '卧龙区', '411300'),
(1627, '411321', '南召县', '411300'),
(1628, '411322', '方城县', '411300'),
(1629, '411323', '西峡县', '411300'),
(1630, '411324', '镇平县', '411300'),
(1631, '411325', '内乡县', '411300'),
(1632, '411326', '淅川县', '411300'),
(1633, '411327', '社旗县', '411300'),
(1634, '411328', '唐河县', '411300'),
(1635, '411329', '新野县', '411300'),
(1636, '411330', '桐柏县', '411300'),
(1637, '411381', '邓州市', '411300'),
(1638, '411401', '市辖区', '411400'),
(1639, '411402', '梁园区', '411400'),
(1640, '411403', '睢阳区', '411400'),
(1641, '411421', '民权县', '411400'),
(1642, '411422', '睢　县', '411400'),
(1643, '411423', '宁陵县', '411400'),
(1644, '411424', '柘城县', '411400'),
(1645, '411425', '虞城县', '411400'),
(1646, '411426', '夏邑县', '411400'),
(1647, '411481', '永城市', '411400'),
(1648, '411501', '市辖区', '411500'),
(1649, '411502', '师河区', '411500'),
(1650, '411503', '平桥区', '411500'),
(1651, '411521', '罗山县', '411500'),
(1652, '411522', '光山县', '411500'),
(1653, '411523', '新　县', '411500'),
(1654, '411524', '商城县', '411500'),
(1655, '411525', '固始县', '411500'),
(1656, '411526', '潢川县', '411500'),
(1657, '411527', '淮滨县', '411500'),
(1658, '411528', '息　县', '411500'),
(1659, '411601', '市辖区', '411600'),
(1660, '411602', '川汇区', '411600'),
(1661, '411621', '扶沟县', '411600'),
(1662, '411622', '西华县', '411600'),
(1663, '411623', '商水县', '411600'),
(1664, '411624', '沈丘县', '411600'),
(1665, '411625', '郸城县', '411600'),
(1666, '411626', '淮阳县', '411600'),
(1667, '411627', '太康县', '411600'),
(1668, '411628', '鹿邑县', '411600'),
(1669, '411681', '项城市', '411600'),
(1670, '411701', '市辖区', '411700'),
(1671, '411702', '驿城区', '411700'),
(1672, '411721', '西平县', '411700'),
(1673, '411722', '上蔡县', '411700'),
(1674, '411723', '平舆县', '411700'),
(1675, '411724', '正阳县', '411700'),
(1676, '411725', '确山县', '411700'),
(1677, '411726', '泌阳县', '411700'),
(1678, '411727', '汝南县', '411700'),
(1679, '411728', '遂平县', '411700'),
(1680, '411729', '新蔡县', '411700'),
(1681, '420101', '市辖区', '420100'),
(1682, '420102', '江岸区', '420100'),
(1683, '420103', '江汉区', '420100'),
(1684, '420104', '乔口区', '420100'),
(1685, '420105', '汉阳区', '420100'),
(1686, '420106', '武昌区', '420100'),
(1687, '420107', '青山区', '420100'),
(1688, '420111', '洪山区', '420100'),
(1689, '420112', '东西湖区', '420100'),
(1690, '420113', '汉南区', '420100'),
(1691, '420114', '蔡甸区', '420100'),
(1692, '420115', '江夏区', '420100'),
(1693, '420116', '黄陂区', '420100'),
(1694, '420117', '新洲区', '420100'),
(1695, '420201', '市辖区', '420200'),
(1696, '420202', '黄石港区', '420200'),
(1697, '420203', '西塞山区', '420200'),
(1698, '420204', '下陆区', '420200'),
(1699, '420205', '铁山区', '420200'),
(1700, '420222', '阳新县', '420200'),
(1701, '420281', '大冶市', '420200'),
(1702, '420301', '市辖区', '420300'),
(1703, '420302', '茅箭区', '420300'),
(1704, '420303', '张湾区', '420300'),
(1705, '420321', '郧　县', '420300'),
(1706, '420322', '郧西县', '420300'),
(1707, '420323', '竹山县', '420300'),
(1708, '420324', '竹溪县', '420300'),
(1709, '420325', '房　县', '420300'),
(1710, '420381', '丹江口市', '420300'),
(1711, '420501', '市辖区', '420500'),
(1712, '420502', '西陵区', '420500'),
(1713, '420503', '伍家岗区', '420500'),
(1714, '420504', '点军区', '420500'),
(1715, '420505', '猇亭区', '420500'),
(1716, '420506', '夷陵区', '420500'),
(1717, '420525', '远安县', '420500'),
(1718, '420526', '兴山县', '420500'),
(1719, '420527', '秭归县', '420500'),
(1720, '420528', '长阳土家族自治县', '420500'),
(1721, '420529', '五峰土家族自治县', '420500'),
(1722, '420581', '宜都市', '420500'),
(1723, '420582', '当阳市', '420500'),
(1724, '420583', '枝江市', '420500'),
(1725, '420601', '市辖区', '420600'),
(1726, '420602', '襄城区', '420600'),
(1727, '420606', '樊城区', '420600'),
(1728, '420607', '襄阳区', '420600'),
(1729, '420624', '南漳县', '420600'),
(1730, '420625', '谷城县', '420600'),
(1731, '420626', '保康县', '420600'),
(1732, '420682', '老河口市', '420600'),
(1733, '420683', '枣阳市', '420600'),
(1734, '420684', '宜城市', '420600'),
(1735, '420701', '市辖区', '420700'),
(1736, '420702', '梁子湖区', '420700'),
(1737, '420703', '华容区', '420700'),
(1738, '420704', '鄂城区', '420700'),
(1739, '420801', '市辖区', '420800'),
(1740, '420802', '东宝区', '420800'),
(1741, '420804', '掇刀区', '420800'),
(1742, '420821', '京山县', '420800'),
(1743, '420822', '沙洋县', '420800'),
(1744, '420881', '钟祥市', '420800'),
(1745, '420901', '市辖区', '420900'),
(1746, '420902', '孝南区', '420900'),
(1747, '420921', '孝昌县', '420900'),
(1748, '420922', '大悟县', '420900'),
(1749, '420923', '云梦县', '420900'),
(1750, '420981', '应城市', '420900'),
(1751, '420982', '安陆市', '420900'),
(1752, '420984', '汉川市', '420900'),
(1753, '421001', '市辖区', '421000'),
(1754, '421002', '沙市区', '421000'),
(1755, '421003', '荆州区', '421000'),
(1756, '421022', '公安县', '421000'),
(1757, '421023', '监利县', '421000'),
(1758, '421024', '江陵县', '421000'),
(1759, '421081', '石首市', '421000'),
(1760, '421083', '洪湖市', '421000'),
(1761, '421087', '松滋市', '421000'),
(1762, '421101', '市辖区', '421100'),
(1763, '421102', '黄州区', '421100'),
(1764, '421121', '团风县', '421100'),
(1765, '421122', '红安县', '421100'),
(1766, '421123', '罗田县', '421100'),
(1767, '421124', '英山县', '421100'),
(1768, '421125', '浠水县', '421100'),
(1769, '421126', '蕲春县', '421100'),
(1770, '421127', '黄梅县', '421100'),
(1771, '421181', '麻城市', '421100'),
(1772, '421182', '武穴市', '421100'),
(1773, '421201', '市辖区', '421200'),
(1774, '421202', '咸安区', '421200'),
(1775, '421221', '嘉鱼县', '421200'),
(1776, '421222', '通城县', '421200'),
(1777, '421223', '崇阳县', '421200'),
(1778, '421224', '通山县', '421200'),
(1779, '421281', '赤壁市', '421200'),
(1780, '421301', '市辖区', '421300'),
(1781, '421302', '曾都区', '421300'),
(1782, '421381', '广水市', '421300'),
(1783, '422801', '恩施市', '422800'),
(1784, '422802', '利川市', '422800'),
(1785, '422822', '建始县', '422800'),
(1786, '422823', '巴东县', '422800'),
(1787, '422825', '宣恩县', '422800'),
(1788, '422826', '咸丰县', '422800'),
(1789, '422827', '来凤县', '422800'),
(1790, '422828', '鹤峰县', '422800'),
(1791, '429004', '仙桃市', '429000'),
(1792, '429005', '潜江市', '429000'),
(1793, '429006', '天门市', '429000'),
(1794, '429021', '神农架林区', '429000'),
(1795, '430101', '市辖区', '430100'),
(1796, '430102', '芙蓉区', '430100'),
(1797, '430103', '天心区', '430100'),
(1798, '430104', '岳麓区', '430100'),
(1799, '430105', '开福区', '430100'),
(1800, '430111', '雨花区', '430100'),
(1801, '430121', '长沙县', '430100'),
(1802, '430122', '望城县', '430100'),
(1803, '430124', '宁乡县', '430100'),
(1804, '430181', '浏阳市', '430100'),
(1805, '430201', '市辖区', '430200'),
(1806, '430202', '荷塘区', '430200'),
(1807, '430203', '芦淞区', '430200'),
(1808, '430204', '石峰区', '430200'),
(1809, '430211', '天元区', '430200'),
(1810, '430221', '株洲县', '430200'),
(1811, '430223', '攸　县', '430200'),
(1812, '430224', '茶陵县', '430200'),
(1813, '430225', '炎陵县', '430200'),
(1814, '430281', '醴陵市', '430200'),
(1815, '430301', '市辖区', '430300'),
(1816, '430302', '雨湖区', '430300'),
(1817, '430304', '岳塘区', '430300'),
(1818, '430321', '湘潭县', '430300'),
(1819, '430381', '湘乡市', '430300'),
(1820, '430382', '韶山市', '430300'),
(1821, '430401', '市辖区', '430400'),
(1822, '430405', '珠晖区', '430400'),
(1823, '430406', '雁峰区', '430400'),
(1824, '430407', '石鼓区', '430400'),
(1825, '430408', '蒸湘区', '430400'),
(1826, '430412', '南岳区', '430400'),
(1827, '430421', '衡阳县', '430400'),
(1828, '430422', '衡南县', '430400'),
(1829, '430423', '衡山县', '430400'),
(1830, '430424', '衡东县', '430400'),
(1831, '430426', '祁东县', '430400'),
(1832, '430481', '耒阳市', '430400'),
(1833, '430482', '常宁市', '430400'),
(1834, '430501', '市辖区', '430500'),
(1835, '430502', '双清区', '430500'),
(1836, '430503', '大祥区', '430500'),
(1837, '430511', '北塔区', '430500'),
(1838, '430521', '邵东县', '430500'),
(1839, '430522', '新邵县', '430500'),
(1840, '430523', '邵阳县', '430500'),
(1841, '430524', '隆回县', '430500'),
(1842, '430525', '洞口县', '430500'),
(1843, '430527', '绥宁县', '430500'),
(1844, '430528', '新宁县', '430500'),
(1845, '430529', '城步苗族自治县', '430500'),
(1846, '430581', '武冈市', '430500'),
(1847, '430601', '市辖区', '430600'),
(1848, '430602', '岳阳楼区', '430600'),
(1849, '430603', '云溪区', '430600'),
(1850, '430611', '君山区', '430600'),
(1851, '430621', '岳阳县', '430600'),
(1852, '430623', '华容县', '430600'),
(1853, '430624', '湘阴县', '430600'),
(1854, '430626', '平江县', '430600'),
(1855, '430681', '汨罗市', '430600'),
(1856, '430682', '临湘市', '430600'),
(1857, '430701', '市辖区', '430700'),
(1858, '430702', '武陵区', '430700'),
(1859, '430703', '鼎城区', '430700'),
(1860, '430721', '安乡县', '430700'),
(1861, '430722', '汉寿县', '430700'),
(1862, '430723', '澧　县', '430700'),
(1863, '430724', '临澧县', '430700'),
(1864, '430725', '桃源县', '430700'),
(1865, '430726', '石门县', '430700'),
(1866, '430781', '津市市', '430700'),
(1867, '430801', '市辖区', '430800'),
(1868, '430802', '永定区', '430800'),
(1869, '430811', '武陵源区', '430800'),
(1870, '430821', '慈利县', '430800'),
(1871, '430822', '桑植县', '430800'),
(1872, '430901', '市辖区', '430900'),
(1873, '430902', '资阳区', '430900'),
(1874, '430903', '赫山区', '430900'),
(1875, '430921', '南　县', '430900'),
(1876, '430922', '桃江县', '430900'),
(1877, '430923', '安化县', '430900'),
(1878, '430981', '沅江市', '430900'),
(1879, '431001', '市辖区', '431000'),
(1880, '431002', '北湖区', '431000'),
(1881, '431003', '苏仙区', '431000'),
(1882, '431021', '桂阳县', '431000'),
(1883, '431022', '宜章县', '431000'),
(1884, '431023', '永兴县', '431000'),
(1885, '431024', '嘉禾县', '431000'),
(1886, '431025', '临武县', '431000'),
(1887, '431026', '汝城县', '431000'),
(1888, '431027', '桂东县', '431000'),
(1889, '431028', '安仁县', '431000'),
(1890, '431081', '资兴市', '431000'),
(1891, '431101', '市辖区', '431100'),
(1892, '431102', '芝山区', '431100'),
(1893, '431103', '冷水滩区', '431100'),
(1894, '431121', '祁阳县', '431100'),
(1895, '431122', '东安县', '431100'),
(1896, '431123', '双牌县', '431100'),
(1897, '431124', '道　县', '431100'),
(1898, '431125', '江永县', '431100'),
(1899, '431126', '宁远县', '431100'),
(1900, '431127', '蓝山县', '431100'),
(1901, '431128', '新田县', '431100'),
(1902, '431129', '江华瑶族自治县', '431100'),
(1903, '431201', '市辖区', '431200'),
(1904, '431202', '鹤城区', '431200'),
(1905, '431221', '中方县', '431200'),
(1906, '431222', '沅陵县', '431200'),
(1907, '431223', '辰溪县', '431200'),
(1908, '431224', '溆浦县', '431200'),
(1909, '431225', '会同县', '431200'),
(1910, '431226', '麻阳苗族自治县', '431200'),
(1911, '431227', '新晃侗族自治县', '431200'),
(1912, '431228', '芷江侗族自治县', '431200'),
(1913, '431229', '靖州苗族侗族自治县', '431200'),
(1914, '431230', '通道侗族自治县', '431200'),
(1915, '431281', '洪江市', '431200'),
(1916, '431301', '市辖区', '431300'),
(1917, '431302', '娄星区', '431300'),
(1918, '431321', '双峰县', '431300'),
(1919, '431322', '新化县', '431300'),
(1920, '431381', '冷水江市', '431300'),
(1921, '431382', '涟源市', '431300'),
(1922, '433101', '吉首市', '433100'),
(1923, '433122', '泸溪县', '433100'),
(1924, '433123', '凤凰县', '433100'),
(1925, '433124', '花垣县', '433100'),
(1926, '433125', '保靖县', '433100'),
(1927, '433126', '古丈县', '433100'),
(1928, '433127', '永顺县', '433100'),
(1929, '433130', '龙山县', '433100'),
(1930, '440101', '市辖区', '440100'),
(1931, '440102', '东山区', '440100'),
(1932, '440103', '荔湾区', '440100'),
(1933, '440104', '越秀区', '440100'),
(1934, '440105', '海珠区', '440100'),
(1935, '440106', '天河区', '440100'),
(1936, '440107', '芳村区', '440100'),
(1937, '440111', '白云区', '440100'),
(1938, '440112', '黄埔区', '440100'),
(1939, '440113', '番禺区', '440100'),
(1940, '440114', '花都区', '440100'),
(1941, '440183', '增城市', '440100'),
(1942, '440184', '从化市', '440100'),
(1943, '440201', '市辖区', '440200'),
(1944, '440203', '武江区', '440200'),
(1945, '440204', '浈江区', '440200'),
(1946, '440205', '曲江区', '440200'),
(1947, '440222', '始兴县', '440200'),
(1948, '440224', '仁化县', '440200'),
(1949, '440229', '翁源县', '440200'),
(1950, '440232', '乳源瑶族自治县', '440200'),
(1951, '440233', '新丰县', '440200'),
(1952, '440281', '乐昌市', '440200'),
(1953, '440282', '南雄市', '440200'),
(1954, '440301', '市辖区', '440300'),
(1955, '440303', '罗湖区', '440300'),
(1956, '440304', '福田区', '440300'),
(1957, '440305', '南山区', '440300'),
(1958, '440306', '宝安区', '440300'),
(1959, '440307', '龙岗区', '440300'),
(1960, '440308', '盐田区', '440300'),
(1961, '440401', '市辖区', '440400'),
(1962, '440402', '香洲区', '440400'),
(1963, '440403', '斗门区', '440400'),
(1964, '440404', '金湾区', '440400'),
(1965, '440501', '市辖区', '440500'),
(1966, '440507', '龙湖区', '440500'),
(1967, '440511', '金平区', '440500'),
(1968, '440512', '濠江区', '440500'),
(1969, '440513', '潮阳区', '440500'),
(1970, '440514', '潮南区', '440500'),
(1971, '440515', '澄海区', '440500'),
(1972, '440523', '南澳县', '440500'),
(1973, '440601', '市辖区', '440600'),
(1974, '440604', '禅城区', '440600'),
(1975, '440605', '南海区', '440600'),
(1976, '440606', '顺德区', '440600'),
(1977, '440607', '三水区', '440600'),
(1978, '440608', '高明区', '440600'),
(1979, '440701', '市辖区', '440700'),
(1980, '440703', '蓬江区', '440700'),
(1981, '440704', '江海区', '440700'),
(1982, '440705', '新会区', '440700'),
(1983, '440781', '台山市', '440700'),
(1984, '440783', '开平市', '440700'),
(1985, '440784', '鹤山市', '440700'),
(1986, '440785', '恩平市', '440700'),
(1987, '440801', '市辖区', '440800'),
(1988, '440802', '赤坎区', '440800'),
(1989, '440803', '霞山区', '440800'),
(1990, '440804', '坡头区', '440800'),
(1991, '440811', '麻章区', '440800'),
(1992, '440823', '遂溪县', '440800'),
(1993, '440825', '徐闻县', '440800'),
(1994, '440881', '廉江市', '440800'),
(1995, '440882', '雷州市', '440800'),
(1996, '440883', '吴川市', '440800'),
(1997, '440901', '市辖区', '440900'),
(1998, '440902', '茂南区', '440900'),
(1999, '440903', '茂港区', '440900'),
(2000, '440923', '电白县', '440900'),
(2001, '440981', '高州市', '440900'),
(2002, '440982', '化州市', '440900'),
(2003, '440983', '信宜市', '440900'),
(2004, '441201', '市辖区', '441200'),
(2005, '441202', '端州区', '441200'),
(2006, '441203', '鼎湖区', '441200'),
(2007, '441223', '广宁县', '441200'),
(2008, '441224', '怀集县', '441200'),
(2009, '441225', '封开县', '441200'),
(2010, '441226', '德庆县', '441200'),
(2011, '441283', '高要市', '441200'),
(2012, '441284', '四会市', '441200'),
(2013, '441301', '市辖区', '441300'),
(2014, '441302', '惠城区', '441300'),
(2015, '441303', '惠阳区', '441300'),
(2016, '441322', '博罗县', '441300'),
(2017, '441323', '惠东县', '441300'),
(2018, '441324', '龙门县', '441300'),
(2019, '441401', '市辖区', '441400'),
(2020, '441402', '梅江区', '441400'),
(2021, '441421', '梅　县', '441400'),
(2022, '441422', '大埔县', '441400'),
(2023, '441423', '丰顺县', '441400'),
(2024, '441424', '五华县', '441400'),
(2025, '441426', '平远县', '441400'),
(2026, '441427', '蕉岭县', '441400'),
(2027, '441481', '兴宁市', '441400'),
(2028, '441501', '市辖区', '441500'),
(2029, '441502', '城　区', '441500'),
(2030, '441521', '海丰县', '441500'),
(2031, '441523', '陆河县', '441500'),
(2032, '441581', '陆丰市', '441500'),
(2033, '441601', '市辖区', '441600'),
(2034, '441602', '源城区', '441600'),
(2035, '441621', '紫金县', '441600'),
(2036, '441622', '龙川县', '441600'),
(2037, '441623', '连平县', '441600'),
(2038, '441624', '和平县', '441600'),
(2039, '441625', '东源县', '441600'),
(2040, '441701', '市辖区', '441700'),
(2041, '441702', '江城区', '441700'),
(2042, '441721', '阳西县', '441700'),
(2043, '441723', '阳东县', '441700'),
(2044, '441781', '阳春市', '441700'),
(2045, '441801', '市辖区', '441800'),
(2046, '441802', '清城区', '441800'),
(2047, '441821', '佛冈县', '441800'),
(2048, '441823', '阳山县', '441800'),
(2049, '441825', '连山壮族瑶族自治县', '441800'),
(2050, '441826', '连南瑶族自治县', '441800'),
(2051, '441827', '清新县', '441800'),
(2052, '441881', '英德市', '441800'),
(2053, '441882', '连州市', '441800'),
(2054, '445101', '市辖区', '445100'),
(2055, '445102', '湘桥区', '445100'),
(2056, '445121', '潮安县', '445100'),
(2057, '445122', '饶平县', '445100'),
(2058, '445201', '市辖区', '445200'),
(2059, '445202', '榕城区', '445200'),
(2060, '445221', '揭东县', '445200'),
(2061, '445222', '揭西县', '445200'),
(2062, '445224', '惠来县', '445200'),
(2063, '445281', '普宁市', '445200'),
(2064, '445301', '市辖区', '445300'),
(2065, '445302', '云城区', '445300'),
(2066, '445321', '新兴县', '445300'),
(2067, '445322', '郁南县', '445300'),
(2068, '445323', '云安县', '445300'),
(2069, '445381', '罗定市', '445300'),
(2070, '450101', '市辖区', '450100'),
(2071, '450102', '兴宁区', '450100'),
(2072, '450103', '青秀区', '450100'),
(2073, '450105', '江南区', '450100'),
(2074, '450107', '西乡塘区', '450100'),
(2075, '450108', '良庆区', '450100'),
(2076, '450109', '邕宁区', '450100'),
(2077, '450122', '武鸣县', '450100'),
(2078, '450123', '隆安县', '450100'),
(2079, '450124', '马山县', '450100'),
(2080, '450125', '上林县', '450100'),
(2081, '450126', '宾阳县', '450100'),
(2082, '450127', '横　县', '450100'),
(2083, '450201', '市辖区', '450200'),
(2084, '450202', '城中区', '450200'),
(2085, '450203', '鱼峰区', '450200'),
(2086, '450204', '柳南区', '450200'),
(2087, '450205', '柳北区', '450200'),
(2088, '450221', '柳江县', '450200'),
(2089, '450222', '柳城县', '450200'),
(2090, '450223', '鹿寨县', '450200'),
(2091, '450224', '融安县', '450200'),
(2092, '450225', '融水苗族自治县', '450200'),
(2093, '450226', '三江侗族自治县', '450200'),
(2094, '450301', '市辖区', '450300'),
(2095, '450302', '秀峰区', '450300'),
(2096, '450303', '叠彩区', '450300'),
(2097, '450304', '象山区', '450300'),
(2098, '450305', '七星区', '450300'),
(2099, '450311', '雁山区', '450300'),
(2100, '450321', '阳朔县', '450300'),
(2101, '450322', '临桂县', '450300'),
(2102, '450323', '灵川县', '450300'),
(2103, '450324', '全州县', '450300'),
(2104, '450325', '兴安县', '450300'),
(2105, '450326', '永福县', '450300'),
(2106, '450327', '灌阳县', '450300'),
(2107, '450328', '龙胜各族自治县', '450300'),
(2108, '450329', '资源县', '450300'),
(2109, '450330', '平乐县', '450300'),
(2110, '450331', '荔蒲县', '450300'),
(2111, '450332', '恭城瑶族自治县', '450300'),
(2112, '450401', '市辖区', '450400'),
(2113, '450403', '万秀区', '450400'),
(2114, '450404', '蝶山区', '450400'),
(2115, '450405', '长洲区', '450400'),
(2116, '450421', '苍梧县', '450400'),
(2117, '450422', '藤　县', '450400'),
(2118, '450423', '蒙山县', '450400'),
(2119, '450481', '岑溪市', '450400'),
(2120, '450501', '市辖区', '450500'),
(2121, '450502', '海城区', '450500'),
(2122, '450503', '银海区', '450500'),
(2123, '450512', '铁山港区', '450500'),
(2124, '450521', '合浦县', '450500'),
(2125, '450601', '市辖区', '450600'),
(2126, '450602', '港口区', '450600'),
(2127, '450603', '防城区', '450600'),
(2128, '450621', '上思县', '450600'),
(2129, '450681', '东兴市', '450600'),
(2130, '450701', '市辖区', '450700'),
(2131, '450702', '钦南区', '450700'),
(2132, '450703', '钦北区', '450700'),
(2133, '450721', '灵山县', '450700'),
(2134, '450722', '浦北县', '450700'),
(2135, '450801', '市辖区', '450800'),
(2136, '450802', '港北区', '450800'),
(2137, '450803', '港南区', '450800'),
(2138, '450804', '覃塘区', '450800'),
(2139, '450821', '平南县', '450800'),
(2140, '450881', '桂平市', '450800'),
(2141, '450901', '市辖区', '450900'),
(2142, '450902', '玉州区', '450900'),
(2143, '450921', '容　县', '450900'),
(2144, '450922', '陆川县', '450900'),
(2145, '450923', '博白县', '450900'),
(2146, '450924', '兴业县', '450900'),
(2147, '450981', '北流市', '450900'),
(2148, '451001', '市辖区', '451000'),
(2149, '451002', '右江区', '451000'),
(2150, '451021', '田阳县', '451000'),
(2151, '451022', '田东县', '451000'),
(2152, '451023', '平果县', '451000'),
(2153, '451024', '德保县', '451000'),
(2154, '451025', '靖西县', '451000'),
(2155, '451026', '那坡县', '451000'),
(2156, '451027', '凌云县', '451000'),
(2157, '451028', '乐业县', '451000'),
(2158, '451029', '田林县', '451000'),
(2159, '451030', '西林县', '451000'),
(2160, '451031', '隆林各族自治县', '451000'),
(2161, '451101', '市辖区', '451100'),
(2162, '451102', '八步区', '451100'),
(2163, '451121', '昭平县', '451100'),
(2164, '451122', '钟山县', '451100'),
(2165, '451123', '富川瑶族自治县', '451100'),
(2166, '451201', '市辖区', '451200'),
(2167, '451202', '金城江区', '451200'),
(2168, '451221', '南丹县', '451200'),
(2169, '451222', '天峨县', '451200'),
(2170, '451223', '凤山县', '451200'),
(2171, '451224', '东兰县', '451200'),
(2172, '451225', '罗城仫佬族自治县', '451200'),
(2173, '451226', '环江毛南族自治县', '451200'),
(2174, '451227', '巴马瑶族自治县', '451200'),
(2175, '451228', '都安瑶族自治县', '451200'),
(2176, '451229', '大化瑶族自治县', '451200'),
(2177, '451281', '宜州市', '451200'),
(2178, '451301', '市辖区', '451300'),
(2179, '451302', '兴宾区', '451300'),
(2180, '451321', '忻城县', '451300'),
(2181, '451322', '象州县', '451300'),
(2182, '451323', '武宣县', '451300'),
(2183, '451324', '金秀瑶族自治县', '451300'),
(2184, '451381', '合山市', '451300'),
(2185, '451401', '市辖区', '451400'),
(2186, '451402', '江洲区', '451400'),
(2187, '451421', '扶绥县', '451400'),
(2188, '451422', '宁明县', '451400'),
(2189, '451423', '龙州县', '451400'),
(2190, '451424', '大新县', '451400'),
(2191, '451425', '天等县', '451400'),
(2192, '451481', '凭祥市', '451400'),
(2193, '460101', '市辖区', '460100'),
(2194, '460105', '秀英区', '460100'),
(2195, '460106', '龙华区', '460100'),
(2196, '460107', '琼山区', '460100'),
(2197, '460108', '美兰区', '460100'),
(2198, '460201', '市辖区', '460200'),
(2199, '469001', '五指山市', '469000'),
(2200, '469002', '琼海市', '469000'),
(2201, '469003', '儋州市', '469000'),
(2202, '469005', '文昌市', '469000'),
(2203, '469006', '万宁市', '469000'),
(2204, '469007', '东方市', '469000'),
(2205, '469025', '定安县', '469000'),
(2206, '469026', '屯昌县', '469000'),
(2207, '469027', '澄迈县', '469000'),
(2208, '469028', '临高县', '469000'),
(2209, '469030', '白沙黎族自治县', '469000'),
(2210, '469031', '昌江黎族自治县', '469000'),
(2211, '469033', '乐东黎族自治县', '469000'),
(2212, '469034', '陵水黎族自治县', '469000'),
(2213, '469035', '保亭黎族苗族自治县', '469000'),
(2214, '469036', '琼中黎族苗族自治县', '469000'),
(2215, '469037', '西沙群岛', '469000'),
(2216, '469038', '南沙群岛', '469000'),
(2217, '469039', '中沙群岛的岛礁及其海域', '469000'),
(2218, '500101', '万州区', '500100'),
(2219, '500102', '涪陵区', '500100'),
(2220, '500103', '渝中区', '500100'),
(2221, '500104', '大渡口区', '500100'),
(2222, '500105', '江北区', '500100'),
(2223, '500106', '沙坪坝区', '500100'),
(2224, '500107', '九龙坡区', '500100'),
(2225, '500108', '南岸区', '500100'),
(2226, '500109', '北碚区', '500100'),
(2227, '500110', '万盛区', '500100'),
(2228, '500111', '双桥区', '500100'),
(2229, '500112', '渝北区', '500100'),
(2230, '500113', '巴南区', '500100'),
(2231, '500114', '黔江区', '500100'),
(2232, '500115', '长寿区', '500100'),
(2233, '500222', '綦江县', '500200'),
(2234, '500223', '潼南县', '500200'),
(2235, '500224', '铜梁县', '500200'),
(2236, '500225', '大足县', '500200'),
(2237, '500226', '荣昌县', '500200'),
(2238, '500227', '璧山县', '500200'),
(2239, '500228', '梁平县', '500200'),
(2240, '500229', '城口县', '500200'),
(2241, '500230', '丰都县', '500200'),
(2242, '500231', '垫江县', '500200'),
(2243, '500232', '武隆县', '500200'),
(2244, '500233', '忠　县', '500200'),
(2245, '500234', '开　县', '500200'),
(2246, '500235', '云阳县', '500200'),
(2247, '500236', '奉节县', '500200'),
(2248, '500237', '巫山县', '500200'),
(2249, '500238', '巫溪县', '500200'),
(2250, '500240', '石柱土家族自治县', '500200'),
(2251, '500241', '秀山土家族苗族自治县', '500200'),
(2252, '500242', '酉阳土家族苗族自治县', '500200'),
(2253, '500243', '彭水苗族土家族自治县', '500200'),
(2254, '500381', '江津市', '500300'),
(2255, '500382', '合川市', '500300'),
(2256, '500383', '永川市', '500300'),
(2257, '500384', '南川市', '500300'),
(2258, '510101', '市辖区', '510100'),
(2259, '510104', '锦江区', '510100'),
(2260, '510105', '青羊区', '510100'),
(2261, '510106', '金牛区', '510100'),
(2262, '510107', '武侯区', '510100'),
(2263, '510108', '成华区', '510100'),
(2264, '510112', '龙泉驿区', '510100'),
(2265, '510113', '青白江区', '510100'),
(2266, '510114', '新都区', '510100'),
(2267, '510115', '温江县', '510100'),
(2268, '510121', '金堂县', '510100'),
(2269, '510122', '双流县', '510100'),
(2270, '510124', '郫　县', '510100'),
(2271, '510129', '大邑县', '510100'),
(2272, '510131', '蒲江县', '510100'),
(2273, '510132', '新津县', '510100'),
(2274, '510181', '都江堰市', '510100'),
(2275, '510182', '彭州市', '510100'),
(2276, '510183', '邛崃市', '510100'),
(2277, '510184', '崇州市', '510100'),
(2278, '510301', '市辖区', '510300'),
(2279, '510302', '自流井区', '510300'),
(2280, '510303', '贡井区', '510300'),
(2281, '510304', '大安区', '510300'),
(2282, '510311', '沿滩区', '510300'),
(2283, '510321', '荣　县', '510300'),
(2284, '510322', '富顺县', '510300'),
(2285, '510401', '市辖区', '510400'),
(2286, '510402', '东　区', '510400'),
(2287, '510403', '西　区', '510400'),
(2288, '510411', '仁和区', '510400'),
(2289, '510421', '米易县', '510400'),
(2290, '510422', '盐边县', '510400'),
(2291, '510501', '市辖区', '510500'),
(2292, '510502', '江阳区', '510500'),
(2293, '510503', '纳溪区', '510500'),
(2294, '510504', '龙马潭区', '510500'),
(2295, '510521', '泸　县', '510500'),
(2296, '510522', '合江县', '510500'),
(2297, '510524', '叙永县', '510500'),
(2298, '510525', '古蔺县', '510500'),
(2299, '510601', '市辖区', '510600'),
(2300, '510603', '旌阳区', '510600'),
(2301, '510623', '中江县', '510600'),
(2302, '510626', '罗江县', '510600'),
(2303, '510681', '广汉市', '510600'),
(2304, '510682', '什邡市', '510600'),
(2305, '510683', '绵竹市', '510600'),
(2306, '510701', '市辖区', '510700'),
(2307, '510703', '涪城区', '510700'),
(2308, '510704', '游仙区', '510700'),
(2309, '510722', '三台县', '510700'),
(2310, '510723', '盐亭县', '510700'),
(2311, '510724', '安　县', '510700'),
(2312, '510725', '梓潼县', '510700'),
(2313, '510726', '北川羌族自治县', '510700'),
(2314, '510727', '平武县', '510700'),
(2315, '510781', '江油市', '510700'),
(2316, '510801', '市辖区', '510800'),
(2317, '510802', '市中区', '510800'),
(2318, '510811', '元坝区', '510800'),
(2319, '510812', '朝天区', '510800'),
(2320, '510821', '旺苍县', '510800'),
(2321, '510822', '青川县', '510800'),
(2322, '510823', '剑阁县', '510800'),
(2323, '510824', '苍溪县', '510800'),
(2324, '510901', '市辖区', '510900'),
(2325, '510903', '船山区', '510900'),
(2326, '510904', '安居区', '510900'),
(2327, '510921', '蓬溪县', '510900'),
(2328, '510922', '射洪县', '510900'),
(2329, '510923', '大英县', '510900'),
(2330, '511001', '市辖区', '511000'),
(2331, '511002', '市中区', '511000'),
(2332, '511011', '东兴区', '511000'),
(2333, '511024', '威远县', '511000'),
(2334, '511025', '资中县', '511000'),
(2335, '511028', '隆昌县', '511000'),
(2336, '511101', '市辖区', '511100'),
(2337, '511102', '市中区', '511100'),
(2338, '511111', '沙湾区', '511100'),
(2339, '511112', '五通桥区', '511100'),
(2340, '511113', '金口河区', '511100'),
(2341, '511123', '犍为县', '511100'),
(2342, '511124', '井研县', '511100'),
(2343, '511126', '夹江县', '511100'),
(2344, '511129', '沐川县', '511100'),
(2345, '511132', '峨边彝族自治县', '511100'),
(2346, '511133', '马边彝族自治县', '511100'),
(2347, '511181', '峨眉山市', '511100'),
(2348, '511301', '市辖区', '511300'),
(2349, '511302', '顺庆区', '511300'),
(2350, '511303', '高坪区', '511300'),
(2351, '511304', '嘉陵区', '511300'),
(2352, '511321', '南部县', '511300'),
(2353, '511322', '营山县', '511300'),
(2354, '511323', '蓬安县', '511300'),
(2355, '511324', '仪陇县', '511300'),
(2356, '511325', '西充县', '511300'),
(2357, '511381', '阆中市', '511300'),
(2358, '511401', '市辖区', '511400'),
(2359, '511402', '东坡区', '511400'),
(2360, '511421', '仁寿县', '511400'),
(2361, '511422', '彭山县', '511400'),
(2362, '511423', '洪雅县', '511400'),
(2363, '511424', '丹棱县', '511400'),
(2364, '511425', '青神县', '511400'),
(2365, '511501', '市辖区', '511500'),
(2366, '511502', '翠屏区', '511500'),
(2367, '511521', '宜宾县', '511500'),
(2368, '511522', '南溪县', '511500'),
(2369, '511523', '江安县', '511500'),
(2370, '511524', '长宁县', '511500'),
(2371, '511525', '高　县', '511500'),
(2372, '511526', '珙　县', '511500'),
(2373, '511527', '筠连县', '511500'),
(2374, '511528', '兴文县', '511500'),
(2375, '511529', '屏山县', '511500'),
(2376, '511601', '市辖区', '511600'),
(2377, '511602', '广安区', '511600'),
(2378, '511621', '岳池县', '511600'),
(2379, '511622', '武胜县', '511600'),
(2380, '511623', '邻水县', '511600'),
(2381, '511681', '华莹市', '511600'),
(2382, '511701', '市辖区', '511700'),
(2383, '511702', '通川区', '511700'),
(2384, '511721', '达　县', '511700'),
(2385, '511722', '宣汉县', '511700'),
(2386, '511723', '开江县', '511700'),
(2387, '511724', '大竹县', '511700'),
(2388, '511725', '渠　县', '511700'),
(2389, '511781', '万源市', '511700'),
(2390, '511801', '市辖区', '511800'),
(2391, '511802', '雨城区', '511800'),
(2392, '511821', '名山县', '511800'),
(2393, '511822', '荥经县', '511800'),
(2394, '511823', '汉源县', '511800'),
(2395, '511824', '石棉县', '511800'),
(2396, '511825', '天全县', '511800'),
(2397, '511826', '芦山县', '511800'),
(2398, '511827', '宝兴县', '511800'),
(2399, '511901', '市辖区', '511900'),
(2400, '511902', '巴州区', '511900'),
(2401, '511921', '通江县', '511900'),
(2402, '511922', '南江县', '511900'),
(2403, '511923', '平昌县', '511900'),
(2404, '512001', '市辖区', '512000'),
(2405, '512002', '雁江区', '512000'),
(2406, '512021', '安岳县', '512000'),
(2407, '512022', '乐至县', '512000'),
(2408, '512081', '简阳市', '512000'),
(2409, '513221', '汶川县', '513200'),
(2410, '513222', '理　县', '513200'),
(2411, '513223', '茂　县', '513200'),
(2412, '513224', '松潘县', '513200'),
(2413, '513225', '九寨沟县', '513200'),
(2414, '513226', '金川县', '513200'),
(2415, '513227', '小金县', '513200'),
(2416, '513228', '黑水县', '513200'),
(2417, '513229', '马尔康县', '513200'),
(2418, '513230', '壤塘县', '513200'),
(2419, '513231', '阿坝县', '513200'),
(2420, '513232', '若尔盖县', '513200'),
(2421, '513233', '红原县', '513200'),
(2422, '513321', '康定县', '513300'),
(2423, '513322', '泸定县', '513300'),
(2424, '513323', '丹巴县', '513300'),
(2425, '513324', '九龙县', '513300'),
(2426, '513325', '雅江县', '513300'),
(2427, '513326', '道孚县', '513300'),
(2428, '513327', '炉霍县', '513300'),
(2429, '513328', '甘孜县', '513300'),
(2430, '513329', '新龙县', '513300'),
(2431, '513330', '德格县', '513300'),
(2432, '513331', '白玉县', '513300'),
(2433, '513332', '石渠县', '513300'),
(2434, '513333', '色达县', '513300'),
(2435, '513334', '理塘县', '513300'),
(2436, '513335', '巴塘县', '513300'),
(2437, '513336', '乡城县', '513300'),
(2438, '513337', '稻城县', '513300'),
(2439, '513338', '得荣县', '513300'),
(2440, '513401', '西昌市', '513400'),
(2441, '513422', '木里藏族自治县', '513400'),
(2442, '513423', '盐源县', '513400'),
(2443, '513424', '德昌县', '513400'),
(2444, '513425', '会理县', '513400'),
(2445, '513426', '会东县', '513400'),
(2446, '513427', '宁南县', '513400'),
(2447, '513428', '普格县', '513400'),
(2448, '513429', '布拖县', '513400'),
(2449, '513430', '金阳县', '513400'),
(2450, '513431', '昭觉县', '513400'),
(2451, '513432', '喜德县', '513400'),
(2452, '513433', '冕宁县', '513400'),
(2453, '513434', '越西县', '513400'),
(2454, '513435', '甘洛县', '513400'),
(2455, '513436', '美姑县', '513400'),
(2456, '513437', '雷波县', '513400'),
(2457, '520101', '市辖区', '520100'),
(2458, '520102', '南明区', '520100'),
(2459, '520103', '云岩区', '520100'),
(2460, '520111', '花溪区', '520100'),
(2461, '520112', '乌当区', '520100'),
(2462, '520113', '白云区', '520100'),
(2463, '520114', '小河区', '520100'),
(2464, '520121', '开阳县', '520100'),
(2465, '520122', '息烽县', '520100'),
(2466, '520123', '修文县', '520100'),
(2467, '520181', '清镇市', '520100'),
(2468, '520201', '钟山区', '520200'),
(2469, '520203', '六枝特区', '520200'),
(2470, '520221', '水城县', '520200'),
(2471, '520222', '盘　县', '520200'),
(2472, '520301', '市辖区', '520300'),
(2473, '520302', '红花岗区', '520300'),
(2474, '520303', '汇川区', '520300'),
(2475, '520321', '遵义县', '520300'),
(2476, '520322', '桐梓县', '520300'),
(2477, '520323', '绥阳县', '520300'),
(2478, '520324', '正安县', '520300'),
(2479, '520325', '道真仡佬族苗族自治县', '520300'),
(2480, '520326', '务川仡佬族苗族自治县', '520300'),
(2481, '520327', '凤冈县', '520300'),
(2482, '520328', '湄潭县', '520300'),
(2483, '520329', '余庆县', '520300'),
(2484, '520330', '习水县', '520300'),
(2485, '520381', '赤水市', '520300'),
(2486, '520382', '仁怀市', '520300'),
(2487, '520401', '市辖区', '520400'),
(2488, '520402', '西秀区', '520400'),
(2489, '520421', '平坝县', '520400'),
(2490, '520422', '普定县', '520400'),
(2491, '520423', '镇宁布依族苗族自治县', '520400'),
(2492, '520424', '关岭布依族苗族自治县', '520400'),
(2493, '520425', '紫云苗族布依族自治县', '520400'),
(2494, '522201', '铜仁市', '522200'),
(2495, '522222', '江口县', '522200'),
(2496, '522223', '玉屏侗族自治县', '522200'),
(2497, '522224', '石阡县', '522200'),
(2498, '522225', '思南县', '522200'),
(2499, '522226', '印江土家族苗族自治县', '522200'),
(2500, '522227', '德江县', '522200'),
(2501, '522228', '沿河土家族自治县', '522200'),
(2502, '522229', '松桃苗族自治县', '522200'),
(2503, '522230', '万山特区', '522200'),
(2504, '522301', '兴义市', '522300'),
(2505, '522322', '兴仁县', '522300'),
(2506, '522323', '普安县', '522300'),
(2507, '522324', '晴隆县', '522300'),
(2508, '522325', '贞丰县', '522300'),
(2509, '522326', '望谟县', '522300'),
(2510, '522327', '册亨县', '522300'),
(2511, '522328', '安龙县', '522300'),
(2512, '522401', '毕节市', '522400'),
(2513, '522422', '大方县', '522400'),
(2514, '522423', '黔西县', '522400'),
(2515, '522424', '金沙县', '522400'),
(2516, '522425', '织金县', '522400'),
(2517, '522426', '纳雍县', '522400'),
(2518, '522427', '威宁彝族回族苗族自治县', '522400'),
(2519, '522428', '赫章县', '522400'),
(2520, '522601', '凯里市', '522600'),
(2521, '522622', '黄平县', '522600'),
(2522, '522623', '施秉县', '522600'),
(2523, '522624', '三穗县', '522600'),
(2524, '522625', '镇远县', '522600'),
(2525, '522626', '岑巩县', '522600'),
(2526, '522627', '天柱县', '522600'),
(2527, '522628', '锦屏县', '522600'),
(2528, '522629', '剑河县', '522600'),
(2529, '522630', '台江县', '522600'),
(2530, '522631', '黎平县', '522600'),
(2531, '522632', '榕江县', '522600'),
(2532, '522633', '从江县', '522600'),
(2533, '522634', '雷山县', '522600'),
(2534, '522635', '麻江县', '522600'),
(2535, '522636', '丹寨县', '522600'),
(2536, '522701', '都匀市', '522700'),
(2537, '522702', '福泉市', '522700'),
(2538, '522722', '荔波县', '522700'),
(2539, '522723', '贵定县', '522700'),
(2540, '522725', '瓮安县', '522700'),
(2541, '522726', '独山县', '522700'),
(2542, '522727', '平塘县', '522700'),
(2543, '522728', '罗甸县', '522700'),
(2544, '522729', '长顺县', '522700'),
(2545, '522730', '龙里县', '522700'),
(2546, '522731', '惠水县', '522700'),
(2547, '522732', '三都水族自治县', '522700'),
(2548, '530101', '市辖区', '530100'),
(2549, '530102', '五华区', '530100'),
(2550, '530103', '盘龙区', '530100'),
(2551, '530111', '官渡区', '530100'),
(2552, '530112', '西山区', '530100'),
(2553, '530113', '东川区', '530100'),
(2554, '530121', '呈贡县', '530100'),
(2555, '530122', '晋宁县', '530100'),
(2556, '530124', '富民县', '530100'),
(2557, '530125', '宜良县', '530100'),
(2558, '530126', '石林彝族自治县', '530100'),
(2559, '530127', '嵩明县', '530100'),
(2560, '530128', '禄劝彝族苗族自治县', '530100'),
(2561, '530129', '寻甸回族彝族自治县', '530100'),
(2562, '530181', '安宁市', '530100'),
(2563, '530301', '市辖区', '530300'),
(2564, '530302', '麒麟区', '530300'),
(2565, '530321', '马龙县', '530300'),
(2566, '530322', '陆良县', '530300'),
(2567, '530323', '师宗县', '530300'),
(2568, '530324', '罗平县', '530300'),
(2569, '530325', '富源县', '530300'),
(2570, '530326', '会泽县', '530300'),
(2571, '530328', '沾益县', '530300'),
(2572, '530381', '宣威市', '530300'),
(2573, '530401', '市辖区', '530400'),
(2574, '530402', '红塔区', '530400'),
(2575, '530421', '江川县', '530400'),
(2576, '530422', '澄江县', '530400'),
(2577, '530423', '通海县', '530400'),
(2578, '530424', '华宁县', '530400'),
(2579, '530425', '易门县', '530400'),
(2580, '530426', '峨山彝族自治县', '530400'),
(2581, '530427', '新平彝族傣族自治县', '530400'),
(2582, '530428', '元江哈尼族彝族傣族自治县', '530400'),
(2583, '530501', '市辖区', '530500'),
(2584, '530502', '隆阳区', '530500'),
(2585, '530521', '施甸县', '530500'),
(2586, '530522', '腾冲县', '530500'),
(2587, '530523', '龙陵县', '530500'),
(2588, '530524', '昌宁县', '530500'),
(2589, '530601', '市辖区', '530600'),
(2590, '530602', '昭阳区', '530600'),
(2591, '530621', '鲁甸县', '530600'),
(2592, '530622', '巧家县', '530600'),
(2593, '530623', '盐津县', '530600'),
(2594, '530624', '大关县', '530600'),
(2595, '530625', '永善县', '530600'),
(2596, '530626', '绥江县', '530600'),
(2597, '530627', '镇雄县', '530600'),
(2598, '530628', '彝良县', '530600'),
(2599, '530629', '威信县', '530600'),
(2600, '530630', '水富县', '530600'),
(2601, '530701', '市辖区', '530700'),
(2602, '530702', '古城区', '530700'),
(2603, '530721', '玉龙纳西族自治县', '530700'),
(2604, '530722', '永胜县', '530700'),
(2605, '530723', '华坪县', '530700'),
(2606, '530724', '宁蒗彝族自治县', '530700'),
(2607, '530801', '市辖区', '530800'),
(2608, '530802', '翠云区', '530800'),
(2609, '530821', '普洱哈尼族彝族自治县', '530800'),
(2610, '530822', '墨江哈尼族自治县', '530800'),
(2611, '530823', '景东彝族自治县', '530800'),
(2612, '530824', '景谷傣族彝族自治县', '530800'),
(2613, '530825', '镇沅彝族哈尼族拉祜族自治县', '530800'),
(2614, '530826', '江城哈尼族彝族自治县', '530800'),
(2615, '530827', '孟连傣族拉祜族佤族自治县', '530800'),
(2616, '530828', '澜沧拉祜族自治县', '530800'),
(2617, '530829', '西盟佤族自治县', '530800'),
(2618, '530901', '市辖区', '530900'),
(2619, '530902', '临翔区', '530900'),
(2620, '530921', '凤庆县', '530900'),
(2621, '530922', '云　县', '530900'),
(2622, '530923', '永德县', '530900'),
(2623, '530924', '镇康县', '530900'),
(2624, '530925', '双江拉祜族佤族布朗族傣族自治县', '530900'),
(2625, '530926', '耿马傣族佤族自治县', '530900'),
(2626, '530927', '沧源佤族自治县', '530900'),
(2627, '532301', '楚雄市', '532300'),
(2628, '532322', '双柏县', '532300'),
(2629, '532323', '牟定县', '532300'),
(2630, '532324', '南华县', '532300'),
(2631, '532325', '姚安县', '532300'),
(2632, '532326', '大姚县', '532300'),
(2633, '532327', '永仁县', '532300'),
(2634, '532328', '元谋县', '532300'),
(2635, '532329', '武定县', '532300'),
(2636, '532331', '禄丰县', '532300'),
(2637, '532501', '个旧市', '532500'),
(2638, '532502', '开远市', '532500'),
(2639, '532522', '蒙自县', '532500'),
(2640, '532523', '屏边苗族自治县', '532500'),
(2641, '532524', '建水县', '532500'),
(2642, '532525', '石屏县', '532500'),
(2643, '532526', '弥勒县', '532500'),
(2644, '532527', '泸西县', '532500'),
(2645, '532528', '元阳县', '532500'),
(2646, '532529', '红河县', '532500'),
(2647, '532530', '金平苗族瑶族傣族自治县', '532500'),
(2648, '532531', '绿春县', '532500'),
(2649, '532532', '河口瑶族自治县', '532500'),
(2650, '532621', '文山县', '532600'),
(2651, '532622', '砚山县', '532600'),
(2652, '532623', '西畴县', '532600'),
(2653, '532624', '麻栗坡县', '532600'),
(2654, '532625', '马关县', '532600'),
(2655, '532626', '丘北县', '532600'),
(2656, '532627', '广南县', '532600'),
(2657, '532628', '富宁县', '532600'),
(2658, '532801', '景洪市', '532800'),
(2659, '532822', '勐海县', '532800'),
(2660, '532823', '勐腊县', '532800'),
(2661, '532901', '大理市', '532900'),
(2662, '532922', '漾濞彝族自治县', '532900'),
(2663, '532923', '祥云县', '532900'),
(2664, '532924', '宾川县', '532900'),
(2665, '532925', '弥渡县', '532900'),
(2666, '532926', '南涧彝族自治县', '532900'),
(2667, '532927', '巍山彝族回族自治县', '532900'),
(2668, '532928', '永平县', '532900'),
(2669, '532929', '云龙县', '532900'),
(2670, '532930', '洱源县', '532900'),
(2671, '532931', '剑川县', '532900'),
(2672, '532932', '鹤庆县', '532900'),
(2673, '533102', '瑞丽市', '533100'),
(2674, '533103', '潞西市', '533100'),
(2675, '533122', '梁河县', '533100'),
(2676, '533123', '盈江县', '533100'),
(2677, '533124', '陇川县', '533100'),
(2678, '533321', '泸水县', '533300'),
(2679, '533323', '福贡县', '533300'),
(2680, '533324', '贡山独龙族怒族自治县', '533300'),
(2681, '533325', '兰坪白族普米族自治县', '533300'),
(2682, '533421', '香格里拉县', '533400'),
(2683, '533422', '德钦县', '533400'),
(2684, '533423', '维西傈僳族自治县', '533400'),
(2685, '540101', '市辖区', '540100'),
(2686, '540102', '城关区', '540100'),
(2687, '540121', '林周县', '540100'),
(2688, '540122', '当雄县', '540100'),
(2689, '540123', '尼木县', '540100'),
(2690, '540124', '曲水县', '540100'),
(2691, '540125', '堆龙德庆县', '540100'),
(2692, '540126', '达孜县', '540100'),
(2693, '540127', '墨竹工卡县', '540100'),
(2694, '542121', '昌都县', '542100'),
(2695, '542122', '江达县', '542100'),
(2696, '542123', '贡觉县', '542100'),
(2697, '542124', '类乌齐县', '542100'),
(2698, '542125', '丁青县', '542100'),
(2699, '542126', '察雅县', '542100'),
(2700, '542127', '八宿县', '542100'),
(2701, '542128', '左贡县', '542100'),
(2702, '542129', '芒康县', '542100'),
(2703, '542132', '洛隆县', '542100'),
(2704, '542133', '边坝县', '542100'),
(2705, '542221', '乃东县', '542200'),
(2706, '542222', '扎囊县', '542200'),
(2707, '542223', '贡嘎县', '542200'),
(2708, '542224', '桑日县', '542200'),
(2709, '542225', '琼结县', '542200'),
(2710, '542226', '曲松县', '542200'),
(2711, '542227', '措美县', '542200'),
(2712, '542228', '洛扎县', '542200'),
(2713, '542229', '加查县', '542200'),
(2714, '542231', '隆子县', '542200'),
(2715, '542232', '错那县', '542200'),
(2716, '542233', '浪卡子县', '542200'),
(2717, '542301', '日喀则市', '542300'),
(2718, '542322', '南木林县', '542300'),
(2719, '542323', '江孜县', '542300'),
(2720, '542324', '定日县', '542300'),
(2721, '542325', '萨迦县', '542300'),
(2722, '542326', '拉孜县', '542300'),
(2723, '542327', '昂仁县', '542300'),
(2724, '542328', '谢通门县', '542300'),
(2725, '542329', '白朗县', '542300'),
(2726, '542330', '仁布县', '542300'),
(2727, '542331', '康马县', '542300'),
(2728, '542332', '定结县', '542300'),
(2729, '542333', '仲巴县', '542300'),
(2730, '542334', '亚东县', '542300'),
(2731, '542335', '吉隆县', '542300'),
(2732, '542336', '聂拉木县', '542300'),
(2733, '542337', '萨嘎县', '542300'),
(2734, '542338', '岗巴县', '542300'),
(2735, '542421', '那曲县', '542400'),
(2736, '542422', '嘉黎县', '542400'),
(2737, '542423', '比如县', '542400'),
(2738, '542424', '聂荣县', '542400'),
(2739, '542425', '安多县', '542400'),
(2740, '542426', '申扎县', '542400'),
(2741, '542427', '索　县', '542400'),
(2742, '542428', '班戈县', '542400'),
(2743, '542429', '巴青县', '542400'),
(2744, '542430', '尼玛县', '542400'),
(2745, '542521', '普兰县', '542500'),
(2746, '542522', '札达县', '542500'),
(2747, '542523', '噶尔县', '542500'),
(2748, '542524', '日土县', '542500'),
(2749, '542525', '革吉县', '542500'),
(2750, '542526', '改则县', '542500'),
(2751, '542527', '措勤县', '542500'),
(2752, '542621', '林芝县', '542600'),
(2753, '542622', '工布江达县', '542600'),
(2754, '542623', '米林县', '542600'),
(2755, '542624', '墨脱县', '542600'),
(2756, '542625', '波密县', '542600'),
(2757, '542626', '察隅县', '542600'),
(2758, '542627', '朗　县', '542600'),
(2759, '610101', '市辖区', '610100'),
(2760, '610102', '新城区', '610100'),
(2761, '610103', '碑林区', '610100'),
(2762, '610104', '莲湖区', '610100'),
(2763, '610111', '灞桥区', '610100'),
(2764, '610112', '未央区', '610100'),
(2765, '610113', '雁塔区', '610100'),
(2766, '610114', '阎良区', '610100'),
(2767, '610115', '临潼区', '610100'),
(2768, '610116', '长安区', '610100'),
(2769, '610122', '蓝田县', '610100'),
(2770, '610124', '周至县', '610100'),
(2771, '610125', '户　县', '610100'),
(2772, '610126', '高陵县', '610100'),
(2773, '610201', '市辖区', '610200'),
(2774, '610202', '王益区', '610200'),
(2775, '610203', '印台区', '610200'),
(2776, '610204', '耀州区', '610200'),
(2777, '610222', '宜君县', '610200'),
(2778, '610301', '市辖区', '610300'),
(2779, '610302', '渭滨区', '610300'),
(2780, '610303', '金台区', '610300'),
(2781, '610304', '陈仓区', '610300'),
(2782, '610322', '凤翔县', '610300'),
(2783, '610323', '岐山县', '610300'),
(2784, '610324', '扶风县', '610300'),
(2785, '610326', '眉　县', '610300'),
(2786, '610327', '陇　县', '610300'),
(2787, '610328', '千阳县', '610300'),
(2788, '610329', '麟游县', '610300'),
(2789, '610330', '凤　县', '610300'),
(2790, '610331', '太白县', '610300'),
(2791, '610401', '市辖区', '610400'),
(2792, '610402', '秦都区', '610400'),
(2793, '610403', '杨凌区', '610400'),
(2794, '610404', '渭城区', '610400'),
(2795, '610422', '三原县', '610400'),
(2796, '610423', '泾阳县', '610400'),
(2797, '610424', '乾　县', '610400'),
(2798, '610425', '礼泉县', '610400'),
(2799, '610426', '永寿县', '610400'),
(2800, '610427', '彬　县', '610400'),
(2801, '610428', '长武县', '610400'),
(2802, '610429', '旬邑县', '610400'),
(2803, '610430', '淳化县', '610400'),
(2804, '610431', '武功县', '610400'),
(2805, '610481', '兴平市', '610400'),
(2806, '610501', '市辖区', '610500'),
(2807, '610502', '临渭区', '610500'),
(2808, '610521', '华　县', '610500'),
(2809, '610522', '潼关县', '610500'),
(2810, '610523', '大荔县', '610500'),
(2811, '610524', '合阳县', '610500'),
(2812, '610525', '澄城县', '610500'),
(2813, '610526', '蒲城县', '610500'),
(2814, '610527', '白水县', '610500'),
(2815, '610528', '富平县', '610500'),
(2816, '610581', '韩城市', '610500'),
(2817, '610582', '华阴市', '610500'),
(2818, '610601', '市辖区', '610600'),
(2819, '610602', '宝塔区', '610600'),
(2820, '610621', '延长县', '610600'),
(2821, '610622', '延川县', '610600'),
(2822, '610623', '子长县', '610600'),
(2823, '610624', '安塞县', '610600'),
(2824, '610625', '志丹县', '610600'),
(2825, '610626', '吴旗县', '610600'),
(2826, '610627', '甘泉县', '610600'),
(2827, '610628', '富　县', '610600'),
(2828, '610629', '洛川县', '610600'),
(2829, '610630', '宜川县', '610600'),
(2830, '610631', '黄龙县', '610600'),
(2831, '610632', '黄陵县', '610600'),
(2832, '610701', '市辖区', '610700'),
(2833, '610702', '汉台区', '610700'),
(2834, '610721', '南郑县', '610700'),
(2835, '610722', '城固县', '610700'),
(2836, '610723', '洋　县', '610700'),
(2837, '610724', '西乡县', '610700'),
(2838, '610725', '勉　县', '610700'),
(2839, '610726', '宁强县', '610700'),
(2840, '610727', '略阳县', '610700'),
(2841, '610728', '镇巴县', '610700'),
(2842, '610729', '留坝县', '610700'),
(2843, '610730', '佛坪县', '610700'),
(2844, '610801', '市辖区', '610800'),
(2845, '610802', '榆阳区', '610800'),
(2846, '610821', '神木县', '610800'),
(2847, '610822', '府谷县', '610800'),
(2848, '610823', '横山县', '610800'),
(2849, '610824', '靖边县', '610800'),
(2850, '610825', '定边县', '610800'),
(2851, '610826', '绥德县', '610800'),
(2852, '610827', '米脂县', '610800'),
(2853, '610828', '佳　县', '610800'),
(2854, '610829', '吴堡县', '610800'),
(2855, '610830', '清涧县', '610800'),
(2856, '610831', '子洲县', '610800'),
(2857, '610901', '市辖区', '610900'),
(2858, '610902', '汉滨区', '610900'),
(2859, '610921', '汉阴县', '610900'),
(2860, '610922', '石泉县', '610900'),
(2861, '610923', '宁陕县', '610900'),
(2862, '610924', '紫阳县', '610900'),
(2863, '610925', '岚皋县', '610900'),
(2864, '610926', '平利县', '610900'),
(2865, '610927', '镇坪县', '610900'),
(2866, '610928', '旬阳县', '610900'),
(2867, '610929', '白河县', '610900'),
(2868, '611001', '市辖区', '611000'),
(2869, '611002', '商州区', '611000'),
(2870, '611021', '洛南县', '611000'),
(2871, '611022', '丹凤县', '611000'),
(2872, '611023', '商南县', '611000'),
(2873, '611024', '山阳县', '611000'),
(2874, '611025', '镇安县', '611000'),
(2875, '611026', '柞水县', '611000'),
(2876, '620101', '市辖区', '620100'),
(2877, '620102', '城关区', '620100'),
(2878, '620103', '七里河区', '620100'),
(2879, '620104', '西固区', '620100'),
(2880, '620105', '安宁区', '620100'),
(2881, '620111', '红古区', '620100'),
(2882, '620121', '永登县', '620100'),
(2883, '620122', '皋兰县', '620100'),
(2884, '620123', '榆中县', '620100'),
(2885, '620201', '市辖区', '620200'),
(2886, '620301', '市辖区', '620300'),
(2887, '620302', '金川区', '620300'),
(2888, '620321', '永昌县', '620300'),
(2889, '620401', '市辖区', '620400'),
(2890, '620402', '白银区', '620400'),
(2891, '620403', '平川区', '620400'),
(2892, '620421', '靖远县', '620400'),
(2893, '620422', '会宁县', '620400'),
(2894, '620423', '景泰县', '620400'),
(2895, '620501', '市辖区', '620500'),
(2896, '620502', '秦城区', '620500'),
(2897, '620503', '北道区', '620500'),
(2898, '620521', '清水县', '620500'),
(2899, '620522', '秦安县', '620500'),
(2900, '620523', '甘谷县', '620500'),
(2901, '620524', '武山县', '620500'),
(2902, '620525', '张家川回族自治县', '620500'),
(2903, '620601', '市辖区', '620600'),
(2904, '620602', '凉州区', '620600'),
(2905, '620621', '民勤县', '620600'),
(2906, '620622', '古浪县', '620600'),
(2907, '620623', '天祝藏族自治县', '620600'),
(2908, '620701', '市辖区', '620700'),
(2909, '620702', '甘州区', '620700'),
(2910, '620721', '肃南裕固族自治县', '620700'),
(2911, '620722', '民乐县', '620700'),
(2912, '620723', '临泽县', '620700'),
(2913, '620724', '高台县', '620700'),
(2914, '620725', '山丹县', '620700'),
(2915, '620801', '市辖区', '620800'),
(2916, '620802', '崆峒区', '620800'),
(2917, '620821', '泾川县', '620800'),
(2918, '620822', '灵台县', '620800'),
(2919, '620823', '崇信县', '620800'),
(2920, '620824', '华亭县', '620800'),
(2921, '620825', '庄浪县', '620800'),
(2922, '620826', '静宁县', '620800'),
(2923, '620901', '市辖区', '620900'),
(2924, '620902', '肃州区', '620900'),
(2925, '620921', '金塔县', '620900'),
(2926, '620922', '安西县', '620900'),
(2927, '620923', '肃北蒙古族自治县', '620900'),
(2928, '620924', '阿克塞哈萨克族自治县', '620900'),
(2929, '620981', '玉门市', '620900'),
(2930, '620982', '敦煌市', '620900'),
(2931, '621001', '市辖区', '621000'),
(2932, '621002', '西峰区', '621000'),
(2933, '621021', '庆城县', '621000'),
(2934, '621022', '环　县', '621000'),
(2935, '621023', '华池县', '621000'),
(2936, '621024', '合水县', '621000'),
(2937, '621025', '正宁县', '621000'),
(2938, '621026', '宁　县', '621000'),
(2939, '621027', '镇原县', '621000'),
(2940, '621101', '市辖区', '621100'),
(2941, '621102', '安定区', '621100'),
(2942, '621121', '通渭县', '621100'),
(2943, '621122', '陇西县', '621100'),
(2944, '621123', '渭源县', '621100'),
(2945, '621124', '临洮县', '621100'),
(2946, '621125', '漳　县', '621100'),
(2947, '621126', '岷　县', '621100'),
(2948, '621201', '市辖区', '621200'),
(2949, '621202', '武都区', '621200'),
(2950, '621221', '成　县', '621200'),
(2951, '621222', '文　县', '621200'),
(2952, '621223', '宕昌县', '621200'),
(2953, '621224', '康　县', '621200'),
(2954, '621225', '西和县', '621200'),
(2955, '621226', '礼　县', '621200'),
(2956, '621227', '徽　县', '621200'),
(2957, '621228', '两当县', '621200'),
(2958, '622901', '临夏市', '622900'),
(2959, '622921', '临夏县', '622900'),
(2960, '622922', '康乐县', '622900'),
(2961, '622923', '永靖县', '622900'),
(2962, '622924', '广河县', '622900'),
(2963, '622925', '和政县', '622900'),
(2964, '622926', '东乡族自治县', '622900'),
(2965, '622927', '积石山保安族东乡族撒拉族自治县', '622900'),
(2966, '623001', '合作市', '623000'),
(2967, '623021', '临潭县', '623000'),
(2968, '623022', '卓尼县', '623000'),
(2969, '623023', '舟曲县', '623000'),
(2970, '623024', '迭部县', '623000'),
(2971, '623025', '玛曲县', '623000'),
(2972, '623026', '碌曲县', '623000'),
(2973, '623027', '夏河县', '623000'),
(2974, '630101', '市辖区', '630100'),
(2975, '630102', '城东区', '630100'),
(2976, '630103', '城中区', '630100'),
(2977, '630104', '城西区', '630100'),
(2978, '630105', '城北区', '630100'),
(2979, '630121', '大通回族土族自治县', '630100'),
(2980, '630122', '湟中县', '630100'),
(2981, '630123', '湟源县', '630100'),
(2982, '632121', '平安县', '632100'),
(2983, '632122', '民和回族土族自治县', '632100'),
(2984, '632123', '乐都县', '632100'),
(2985, '632126', '互助土族自治县', '632100'),
(2986, '632127', '化隆回族自治县', '632100'),
(2987, '632128', '循化撒拉族自治县', '632100'),
(2988, '632221', '门源回族自治县', '632200'),
(2989, '632222', '祁连县', '632200'),
(2990, '632223', '海晏县', '632200'),
(2991, '632224', '刚察县', '632200'),
(2992, '632321', '同仁县', '632300'),
(2993, '632322', '尖扎县', '632300'),
(2994, '632323', '泽库县', '632300'),
(2995, '632324', '河南蒙古族自治县', '632300'),
(2996, '632521', '共和县', '632500'),
(2997, '632522', '同德县', '632500'),
(2998, '632523', '贵德县', '632500'),
(2999, '632524', '兴海县', '632500'),
(3000, '632525', '贵南县', '632500'),
(3001, '632621', '玛沁县', '632600'),
(3002, '632622', '班玛县', '632600'),
(3003, '632623', '甘德县', '632600'),
(3004, '632624', '达日县', '632600'),
(3005, '632625', '久治县', '632600'),
(3006, '632626', '玛多县', '632600'),
(3007, '632721', '玉树县', '632700'),
(3008, '632722', '杂多县', '632700'),
(3009, '632723', '称多县', '632700'),
(3010, '632724', '治多县', '632700'),
(3011, '632725', '囊谦县', '632700'),
(3012, '632726', '曲麻莱县', '632700'),
(3013, '632801', '格尔木市', '632800'),
(3014, '632802', '德令哈市', '632800'),
(3015, '632821', '乌兰县', '632800'),
(3016, '632822', '都兰县', '632800'),
(3017, '632823', '天峻县', '632800'),
(3018, '640101', '市辖区', '640100'),
(3019, '640104', '兴庆区', '640100'),
(3020, '640105', '西夏区', '640100'),
(3021, '640106', '金凤区', '640100'),
(3022, '640121', '永宁县', '640100'),
(3023, '640122', '贺兰县', '640100'),
(3024, '640181', '灵武市', '640100'),
(3025, '640201', '市辖区', '640200'),
(3026, '640202', '大武口区', '640200'),
(3027, '640205', '惠农区', '640200'),
(3028, '640221', '平罗县', '640200'),
(3029, '640301', '市辖区', '640300'),
(3030, '640302', '利通区', '640300'),
(3031, '640323', '盐池县', '640300'),
(3032, '640324', '同心县', '640300'),
(3033, '640381', '青铜峡市', '640300');
INSERT INTO `areas` (`id`, `areaid`, `area`, `cityid`) VALUES
(3034, '640401', '市辖区', '640400'),
(3035, '640402', '原州区', '640400'),
(3036, '640422', '西吉县', '640400'),
(3037, '640423', '隆德县', '640400'),
(3038, '640424', '泾源县', '640400'),
(3039, '640425', '彭阳县', '640400'),
(3040, '640501', '市辖区', '640500'),
(3041, '640502', '沙坡头区', '640500'),
(3042, '640521', '中宁县', '640500'),
(3043, '640522', '海原县', '640400'),
(3044, '650101', '市辖区', '650100'),
(3045, '650102', '天山区', '650100'),
(3046, '650103', '沙依巴克区', '650100'),
(3047, '650104', '新市区', '650100'),
(3048, '650105', '水磨沟区', '650100'),
(3049, '650106', '头屯河区', '650100'),
(3050, '650107', '达坂城区', '650100'),
(3051, '650108', '东山区', '650100'),
(3052, '650121', '乌鲁木齐县', '650100'),
(3053, '650201', '市辖区', '650200'),
(3054, '650202', '独山子区', '650200'),
(3055, '650203', '克拉玛依区', '650200'),
(3056, '650204', '白碱滩区', '650200'),
(3057, '650205', '乌尔禾区', '650200'),
(3058, '652101', '吐鲁番市', '652100'),
(3059, '652122', '鄯善县', '652100'),
(3060, '652123', '托克逊县', '652100'),
(3061, '652201', '哈密市', '652200'),
(3062, '652222', '巴里坤哈萨克自治县', '652200'),
(3063, '652223', '伊吾县', '652200'),
(3064, '652301', '昌吉市', '652300'),
(3065, '652302', '阜康市', '652300'),
(3066, '652303', '米泉市', '652300'),
(3067, '652323', '呼图壁县', '652300'),
(3068, '652324', '玛纳斯县', '652300'),
(3069, '652325', '奇台县', '652300'),
(3070, '652327', '吉木萨尔县', '652300'),
(3071, '652328', '木垒哈萨克自治县', '652300'),
(3072, '652701', '博乐市', '652700'),
(3073, '652722', '精河县', '652700'),
(3074, '652723', '温泉县', '652700'),
(3075, '652801', '库尔勒市', '652800'),
(3076, '652822', '轮台县', '652800'),
(3077, '652823', '尉犁县', '652800'),
(3078, '652824', '若羌县', '652800'),
(3079, '652825', '且末县', '652800'),
(3080, '652826', '焉耆回族自治县', '652800'),
(3081, '652827', '和静县', '652800'),
(3082, '652828', '和硕县', '652800'),
(3083, '652829', '博湖县', '652800'),
(3084, '652901', '阿克苏市', '652900'),
(3085, '652922', '温宿县', '652900'),
(3086, '652923', '库车县', '652900'),
(3087, '652924', '沙雅县', '652900'),
(3088, '652925', '新和县', '652900'),
(3089, '652926', '拜城县', '652900'),
(3090, '652927', '乌什县', '652900'),
(3091, '652928', '阿瓦提县', '652900'),
(3092, '652929', '柯坪县', '652900'),
(3093, '653001', '阿图什市', '653000'),
(3094, '653022', '阿克陶县', '653000'),
(3095, '653023', '阿合奇县', '653000'),
(3096, '653024', '乌恰县', '653000'),
(3097, '653101', '喀什市', '653100'),
(3098, '653121', '疏附县', '653100'),
(3099, '653122', '疏勒县', '653100'),
(3100, '653123', '英吉沙县', '653100'),
(3101, '653124', '泽普县', '653100'),
(3102, '653125', '莎车县', '653100'),
(3103, '653126', '叶城县', '653100'),
(3104, '653127', '麦盖提县', '653100'),
(3105, '653128', '岳普湖县', '653100'),
(3106, '653129', '伽师县', '653100'),
(3107, '653130', '巴楚县', '653100'),
(3108, '653131', '塔什库尔干塔吉克自治县', '653100'),
(3109, '653201', '和田市', '653200'),
(3110, '653221', '和田县', '653200'),
(3111, '653222', '墨玉县', '653200'),
(3112, '653223', '皮山县', '653200'),
(3113, '653224', '洛浦县', '653200'),
(3114, '653225', '策勒县', '653200'),
(3115, '653226', '于田县', '653200'),
(3116, '653227', '民丰县', '653200'),
(3117, '654002', '伊宁市', '654000'),
(3118, '654003', '奎屯市', '654000'),
(3119, '654021', '伊宁县', '654000'),
(3120, '654022', '察布查尔锡伯自治县', '654000'),
(3121, '654023', '霍城县', '654000'),
(3122, '654024', '巩留县', '654000'),
(3123, '654025', '新源县', '654000'),
(3124, '654026', '昭苏县', '654000'),
(3125, '654027', '特克斯县', '654000'),
(3126, '654028', '尼勒克县', '654000'),
(3127, '654201', '塔城市', '654200'),
(3128, '654202', '乌苏市', '654200'),
(3129, '654221', '额敏县', '654200'),
(3130, '654223', '沙湾县', '654200'),
(3131, '654224', '托里县', '654200'),
(3132, '654225', '裕民县', '654200'),
(3133, '654226', '和布克赛尔蒙古自治县', '654200'),
(3134, '654301', '阿勒泰市', '654300'),
(3135, '654321', '布尔津县', '654300'),
(3136, '654322', '富蕴县', '654300'),
(3137, '654323', '福海县', '654300'),
(3138, '654324', '哈巴河县', '654300'),
(3139, '654325', '青河县', '654300'),
(3140, '654326', '吉木乃县', '654300'),
(3141, '659001', '石河子市', '659000'),
(3142, '659002', '阿拉尔市', '659000'),
(3143, '659003', '图木舒克市', '659000'),
(3144, '659004', '五家渠市', '659000');

-- --------------------------------------------------------

--
-- 表的结构 `cities`
--

CREATE TABLE `cities` (
  `id` int(11) NOT NULL,
  `cityid` varchar(20) NOT NULL,
  `city` varchar(50) NOT NULL,
  `provinceid` varchar(20) NOT NULL
) ENGINE=MyISAM DEFAULT CHARSET=utf8 COMMENT='行政区域地州市信息表';

--
-- 转存表中的数据 `cities`
--

INSERT INTO `cities` (`id`, `cityid`, `city`, `provinceid`) VALUES
(1, '110100', '市辖区', '110000'),
(2, '110200', '县', '110000'),
(3, '120100', '市辖区', '120000'),
(4, '120200', '县', '120000'),
(5, '130100', '石家庄市', '130000'),
(6, '130200', '唐山市', '130000'),
(7, '130300', '秦皇岛市', '130000'),
(8, '130400', '邯郸市', '130000'),
(9, '130500', '邢台市', '130000'),
(10, '130600', '保定市', '130000'),
(11, '130700', '张家口市', '130000'),
(12, '130800', '承德市', '130000'),
(13, '130900', '沧州市', '130000'),
(14, '131000', '廊坊市', '130000'),
(15, '131100', '衡水市', '130000'),
(16, '140100', '太原市', '140000'),
(17, '140200', '大同市', '140000'),
(18, '140300', '阳泉市', '140000'),
(19, '140400', '长治市', '140000'),
(20, '140500', '晋城市', '140000'),
(21, '140600', '朔州市', '140000'),
(22, '140700', '晋中市', '140000'),
(23, '140800', '运城市', '140000'),
(24, '140900', '忻州市', '140000'),
(25, '141000', '临汾市', '140000'),
(26, '141100', '吕梁市', '140000'),
(27, '150100', '呼和浩特市', '150000'),
(28, '150200', '包头市', '150000'),
(29, '150300', '乌海市', '150000'),
(30, '150400', '赤峰市', '150000'),
(31, '150500', '通辽市', '150000'),
(32, '150600', '鄂尔多斯市', '150000'),
(33, '150700', '呼伦贝尔市', '150000'),
(34, '150800', '巴彦淖尔市', '150000'),
(35, '150900', '乌兰察布市', '150000'),
(36, '152200', '兴安盟', '150000'),
(37, '152500', '锡林郭勒盟', '150000'),
(38, '152900', '阿拉善盟', '150000'),
(39, '210100', '沈阳市', '210000'),
(40, '210200', '大连市', '210000'),
(41, '210300', '鞍山市', '210000'),
(42, '210400', '抚顺市', '210000'),
(43, '210500', '本溪市', '210000'),
(44, '210600', '丹东市', '210000'),
(45, '210700', '锦州市', '210000'),
(46, '210800', '营口市', '210000'),
(47, '210900', '阜新市', '210000'),
(48, '211000', '辽阳市', '210000'),
(49, '211100', '盘锦市', '210000'),
(50, '211200', '铁岭市', '210000'),
(51, '211300', '朝阳市', '210000'),
(52, '211400', '葫芦岛市', '210000'),
(53, '220100', '长春市', '220000'),
(54, '220200', '吉林市', '220000'),
(55, '220300', '四平市', '220000'),
(56, '220400', '辽源市', '220000'),
(57, '220500', '通化市', '220000'),
(58, '220600', '白山市', '220000'),
(59, '220700', '松原市', '220000'),
(60, '220800', '白城市', '220000'),
(61, '222400', '延边朝鲜族自治州', '220000'),
(62, '230100', '哈尔滨市', '230000'),
(63, '230200', '齐齐哈尔市', '230000'),
(64, '230300', '鸡西市', '230000'),
(65, '230400', '鹤岗市', '230000'),
(66, '230500', '双鸭山市', '230000'),
(67, '230600', '大庆市', '230000'),
(68, '230700', '伊春市', '230000'),
(69, '230800', '佳木斯市', '230000'),
(70, '230900', '七台河市', '230000'),
(71, '231000', '牡丹江市', '230000'),
(72, '231100', '黑河市', '230000'),
(73, '231200', '绥化市', '230000'),
(74, '232700', '大兴安岭地区', '230000'),
(75, '310100', '市辖区', '310000'),
(76, '310200', '县', '310000'),
(77, '320100', '南京市', '320000'),
(78, '320200', '无锡市', '320000'),
(79, '320300', '徐州市', '320000'),
(80, '320400', '常州市', '320000'),
(81, '320500', '苏州市', '320000'),
(82, '320600', '南通市', '320000'),
(83, '320700', '连云港市', '320000'),
(84, '320800', '淮安市', '320000'),
(85, '320900', '盐城市', '320000'),
(86, '321000', '扬州市', '320000'),
(87, '321100', '镇江市', '320000'),
(88, '321200', '泰州市', '320000'),
(89, '321300', '宿迁市', '320000'),
(90, '330100', '杭州市', '330000'),
(91, '330200', '宁波市', '330000'),
(92, '330300', '温州市', '330000'),
(93, '330400', '嘉兴市', '330000'),
(94, '330500', '湖州市', '330000'),
(95, '330600', '绍兴市', '330000'),
(96, '330700', '金华市', '330000'),
(97, '330800', '衢州市', '330000'),
(98, '330900', '舟山市', '330000'),
(99, '331000', '台州市', '330000'),
(100, '331100', '丽水市', '330000'),
(101, '340100', '合肥市', '340000'),
(102, '340200', '芜湖市', '340000'),
(103, '340300', '蚌埠市', '340000'),
(104, '340400', '淮南市', '340000'),
(105, '340500', '马鞍山市', '340000'),
(106, '340600', '淮北市', '340000'),
(107, '340700', '铜陵市', '340000'),
(108, '340800', '安庆市', '340000'),
(109, '341000', '黄山市', '340000'),
(110, '341100', '滁州市', '340000'),
(111, '341200', '阜阳市', '340000'),
(112, '341300', '宿州市', '340000'),
(113, '341400', '巢湖市', '340000'),
(114, '341500', '六安市', '340000'),
(115, '341600', '亳州市', '340000'),
(116, '341700', '池州市', '340000'),
(117, '341800', '宣城市', '340000'),
(118, '350100', '福州市', '350000'),
(119, '350200', '厦门市', '350000'),
(120, '350300', '莆田市', '350000'),
(121, '350400', '三明市', '350000'),
(122, '350500', '泉州市', '350000'),
(123, '350600', '漳州市', '350000'),
(124, '350700', '南平市', '350000'),
(125, '350800', '龙岩市', '350000'),
(126, '350900', '宁德市', '350000'),
(127, '360100', '南昌市', '360000'),
(128, '360200', '景德镇市', '360000'),
(129, '360300', '萍乡市', '360000'),
(130, '360400', '九江市', '360000'),
(131, '360500', '新余市', '360000'),
(132, '360600', '鹰潭市', '360000'),
(133, '360700', '赣州市', '360000'),
(134, '360800', '吉安市', '360000'),
(135, '360900', '宜春市', '360000'),
(136, '361000', '抚州市', '360000'),
(137, '361100', '上饶市', '360000'),
(138, '370100', '济南市', '370000'),
(139, '370200', '青岛市', '370000'),
(140, '370300', '淄博市', '370000'),
(141, '370400', '枣庄市', '370000'),
(142, '370500', '东营市', '370000'),
(143, '370600', '烟台市', '370000'),
(144, '370700', '潍坊市', '370000'),
(145, '370800', '济宁市', '370000'),
(146, '370900', '泰安市', '370000'),
(147, '371000', '威海市', '370000'),
(148, '371100', '日照市', '370000'),
(149, '371200', '莱芜市', '370000'),
(150, '371300', '临沂市', '370000'),
(151, '371400', '德州市', '370000'),
(152, '371500', '聊城市', '370000'),
(153, '371600', '滨州市', '370000'),
(154, '371700', '荷泽市', '370000'),
(155, '410100', '郑州市', '410000'),
(156, '410200', '开封市', '410000'),
(157, '410300', '洛阳市', '410000'),
(158, '410400', '平顶山市', '410000'),
(159, '410500', '安阳市', '410000'),
(160, '410600', '鹤壁市', '410000'),
(161, '410700', '新乡市', '410000'),
(162, '410800', '焦作市', '410000'),
(163, '410900', '濮阳市', '410000'),
(164, '411000', '许昌市', '410000'),
(165, '411100', '漯河市', '410000'),
(166, '411200', '三门峡市', '410000'),
(167, '411300', '南阳市', '410000'),
(168, '411400', '商丘市', '410000'),
(169, '411500', '信阳市', '410000'),
(170, '411600', '周口市', '410000'),
(171, '411700', '驻马店市', '410000'),
(172, '420100', '武汉市', '420000'),
(173, '420200', '黄石市', '420000'),
(174, '420300', '十堰市', '420000'),
(175, '420500', '宜昌市', '420000'),
(176, '420600', '襄樊市', '420000'),
(177, '420700', '鄂州市', '420000'),
(178, '420800', '荆门市', '420000'),
(179, '420900', '孝感市', '420000'),
(180, '421000', '荆州市', '420000'),
(181, '421100', '黄冈市', '420000'),
(182, '421200', '咸宁市', '420000'),
(183, '421300', '随州市', '420000'),
(184, '422800', '恩施土家族苗族自治州', '420000'),
(185, '429000', '省直辖行政单位', '420000'),
(186, '430100', '长沙市', '430000'),
(187, '430200', '株洲市', '430000'),
(188, '430300', '湘潭市', '430000'),
(189, '430400', '衡阳市', '430000'),
(190, '430500', '邵阳市', '430000'),
(191, '430600', '岳阳市', '430000'),
(192, '430700', '常德市', '430000'),
(193, '430800', '张家界市', '430000'),
(194, '430900', '益阳市', '430000'),
(195, '431000', '郴州市', '430000'),
(196, '431100', '永州市', '430000'),
(197, '431200', '怀化市', '430000'),
(198, '431300', '娄底市', '430000'),
(199, '433100', '湘西土家族苗族自治州', '430000'),
(200, '440100', '广州市', '440000'),
(201, '440200', '韶关市', '440000'),
(202, '440300', '深圳市', '440000'),
(203, '440400', '珠海市', '440000'),
(204, '440500', '汕头市', '440000'),
(205, '440600', '佛山市', '440000'),
(206, '440700', '江门市', '440000'),
(207, '440800', '湛江市', '440000'),
(208, '440900', '茂名市', '440000'),
(209, '441200', '肇庆市', '440000'),
(210, '441300', '惠州市', '440000'),
(211, '441400', '梅州市', '440000'),
(212, '441500', '汕尾市', '440000'),
(213, '441600', '河源市', '440000'),
(214, '441700', '阳江市', '440000'),
(215, '441800', '清远市', '440000'),
(216, '441900', '东莞市', '440000'),
(217, '442000', '中山市', '440000'),
(218, '445100', '潮州市', '440000'),
(219, '445200', '揭阳市', '440000'),
(220, '445300', '云浮市', '440000'),
(221, '450100', '南宁市', '450000'),
(222, '450200', '柳州市', '450000'),
(223, '450300', '桂林市', '450000'),
(224, '450400', '梧州市', '450000'),
(225, '450500', '北海市', '450000'),
(226, '450600', '防城港市', '450000'),
(227, '450700', '钦州市', '450000'),
(228, '450800', '贵港市', '450000'),
(229, '450900', '玉林市', '450000'),
(230, '451000', '百色市', '450000'),
(231, '451100', '贺州市', '450000'),
(232, '451200', '河池市', '450000'),
(233, '451300', '来宾市', '450000'),
(234, '451400', '崇左市', '450000'),
(235, '460100', '海口市', '460000'),
(236, '460200', '三亚市', '460000'),
(237, '469000', '省直辖县级行政单位', '460000'),
(238, '500100', '市辖区', '500000'),
(239, '500200', '县', '500000'),
(240, '500300', '市', '500000'),
(241, '510100', '成都市', '510000'),
(242, '510300', '自贡市', '510000'),
(243, '510400', '攀枝花市', '510000'),
(244, '510500', '泸州市', '510000'),
(245, '510600', '德阳市', '510000'),
(246, '510700', '绵阳市', '510000'),
(247, '510800', '广元市', '510000'),
(248, '510900', '遂宁市', '510000'),
(249, '511000', '内江市', '510000'),
(250, '511100', '乐山市', '510000'),
(251, '511300', '南充市', '510000'),
(252, '511400', '眉山市', '510000'),
(253, '511500', '宜宾市', '510000'),
(254, '511600', '广安市', '510000'),
(255, '511700', '达州市', '510000'),
(256, '511800', '雅安市', '510000'),
(257, '511900', '巴中市', '510000'),
(258, '512000', '资阳市', '510000'),
(259, '513200', '阿坝藏族羌族自治州', '510000'),
(260, '513300', '甘孜藏族自治州', '510000'),
(261, '513400', '凉山彝族自治州', '510000'),
(262, '520100', '贵阳市', '520000'),
(263, '520200', '六盘水市', '520000'),
(264, '520300', '遵义市', '520000'),
(265, '520400', '安顺市', '520000'),
(266, '522200', '铜仁地区', '520000'),
(267, '522300', '黔西南布依族苗族自治州', '520000'),
(268, '522400', '毕节地区', '520000'),
(269, '522600', '黔东南苗族侗族自治州', '520000'),
(270, '522700', '黔南布依族苗族自治州', '520000'),
(271, '530100', '昆明市', '530000'),
(272, '530300', '曲靖市', '530000'),
(273, '530400', '玉溪市', '530000'),
(274, '530500', '保山市', '530000'),
(275, '530600', '昭通市', '530000'),
(276, '530700', '丽江市', '530000'),
(277, '530800', '思茅市', '530000'),
(278, '530900', '临沧市', '530000'),
(279, '532300', '楚雄彝族自治州', '530000'),
(280, '532500', '红河哈尼族彝族自治州', '530000'),
(281, '532600', '文山壮族苗族自治州', '530000'),
(282, '532800', '西双版纳傣族自治州', '530000'),
(283, '532900', '大理白族自治州', '530000'),
(284, '533100', '德宏傣族景颇族自治州', '530000'),
(285, '533300', '怒江傈僳族自治州', '530000'),
(286, '533400', '迪庆藏族自治州', '530000'),
(287, '540100', '拉萨市', '540000'),
(288, '542100', '昌都地区', '540000'),
(289, '542200', '山南地区', '540000'),
(290, '542300', '日喀则地区', '540000'),
(291, '542400', '那曲地区', '540000'),
(292, '542500', '阿里地区', '540000'),
(293, '542600', '林芝地区', '540000'),
(294, '610100', '西安市', '610000'),
(295, '610200', '铜川市', '610000'),
(296, '610300', '宝鸡市', '610000'),
(297, '610400', '咸阳市', '610000'),
(298, '610500', '渭南市', '610000'),
(299, '610600', '延安市', '610000'),
(300, '610700', '汉中市', '610000'),
(301, '610800', '榆林市', '610000'),
(302, '610900', '安康市', '610000'),
(303, '611000', '商洛市', '610000'),
(304, '620100', '兰州市', '620000'),
(305, '620200', '嘉峪关市', '620000'),
(306, '620300', '金昌市', '620000'),
(307, '620400', '白银市', '620000'),
(308, '620500', '天水市', '620000'),
(309, '620600', '武威市', '620000'),
(310, '620700', '张掖市', '620000'),
(311, '620800', '平凉市', '620000'),
(312, '620900', '酒泉市', '620000'),
(313, '621000', '庆阳市', '620000'),
(314, '621100', '定西市', '620000'),
(315, '621200', '陇南市', '620000'),
(316, '622900', '临夏回族自治州', '620000'),
(317, '623000', '甘南藏族自治州', '620000'),
(318, '630100', '西宁市', '630000'),
(319, '632100', '海东地区', '630000'),
(320, '632200', '海北藏族自治州', '630000'),
(321, '632300', '黄南藏族自治州', '630000'),
(322, '632500', '海南藏族自治州', '630000'),
(323, '632600', '果洛藏族自治州', '630000'),
(324, '632700', '玉树藏族自治州', '630000'),
(325, '632800', '海西蒙古族藏族自治州', '630000'),
(326, '640100', '银川市', '640000'),
(327, '640200', '石嘴山市', '640000'),
(328, '640300', '吴忠市', '640000'),
(329, '640400', '固原市', '640000'),
(330, '640500', '中卫市', '640000'),
(331, '650100', '乌鲁木齐市', '650000'),
(332, '650200', '克拉玛依市', '650000'),
(333, '652100', '吐鲁番地区', '650000'),
(334, '652200', '哈密地区', '650000'),
(335, '652300', '昌吉回族自治州', '650000'),
(336, '652700', '博尔塔拉蒙古自治州', '650000'),
(337, '652800', '巴音郭楞蒙古自治州', '650000'),
(338, '652900', '阿克苏地区', '650000'),
(339, '653000', '克孜勒苏柯尔克孜自治州', '650000'),
(340, '653100', '喀什地区', '650000'),
(341, '653200', '和田地区', '650000'),
(342, '654000', '伊犁哈萨克自治州', '650000'),
(343, '654200', '塔城地区', '650000'),
(344, '654300', '阿勒泰地区', '650000'),
(345, '659000', '省直辖行政单位', '650000');

-- --------------------------------------------------------

--
-- 表的结构 `person`
--

CREATE TABLE `person` (
  `id` int(11) NOT NULL,
  `name` varchar(30) DEFAULT NULL,
  `age` int(11) DEFAULT NULL,
  `address` varchar(100) DEFAULT NULL,
  `salary` float DEFAULT NULL
) ENGINE=InnoDB DEFAULT CHARSET=utf8;

-- --------------------------------------------------------

--
-- 表的结构 `persons`
--

CREATE TABLE `persons` (
  `id` int(11) NOT NULL,
  `name` text NOT NULL,
  `age` int(11) NOT NULL,
  `address` char(50) DEFAULT NULL,
  `salary` double DEFAULT NULL
) ENGINE=InnoDB DEFAULT CHARSET=utf8;

--
-- 转存表中的数据 `persons`
--

INSERT INTO `persons` (`id`, `name`, `age`, `address`, `salary`) VALUES
(10, 'Bill', 30, '地球', 1234),
(20, 'Mike', 40, '千星之城', 4321),
(30, 'John', 12, '氪星', 5432);

-- --------------------------------------------------------

--
-- 表的结构 `persons1`
--

CREATE TABLE `persons1` (
  `id` int(11) NOT NULL,
  `name` varchar(30) DEFAULT NULL,
  `age` int(11) DEFAULT NULL,
  `address` varchar(100) DEFAULT NULL,
  `salary` float DEFAULT NULL
) ENGINE=InnoDB DEFAULT CHARSET=utf8;

--
-- 转存表中的数据 `persons1`
--

INSERT INTO `persons1` (`id`, `name`, `age`, `address`, `salary`) VALUES
(10, 'Bill', 30, '地球', 1234),
(30, 'John', 12, '氪星', 5432);

-- --------------------------------------------------------

--
-- 表的结构 `provinces`
--

CREATE TABLE `provinces` (
  `id` int(11) NOT NULL,
  `provinceid` varchar(20) NOT NULL,
  `province` varchar(50) NOT NULL
) ENGINE=MyISAM DEFAULT CHARSET=utf8 COMMENT='省份信息表';

--
-- 转存表中的数据 `provinces`
--

INSERT INTO `provinces` (`id`, `provinceid`, `province`) VALUES
(1, '110000', '北京市'),
(2, '120000', '天津市'),
(3, '130000', '河北省'),
(4, '140000', '山西省'),
(5, '150000', '内蒙古自治区'),
(6, '210000', '辽宁省'),
(7, '220000', '吉林省'),
(8, '230000', '黑龙江省'),
(9, '310000', '上海市'),
(10, '320000', '江苏省'),
(11, '330000', '浙江省'),
(12, '340000', '安徽省'),
(13, '350000', '福建省'),
(14, '360000', '江西省'),
(15, '370000', '山东省'),
(16, '410000', '河南省'),
(17, '420000', '湖北省'),
(18, '430000', '湖南省'),
(19, '440000', '广东省'),
(20, '450000', '广西壮族自治区'),
(21, '460000', '海南省'),
(22, '500000', '重庆市'),
(23, '510000', '四川省'),
(24, '520000', '贵州省'),
(25, '530000', '云南省'),
(26, '540000', '西藏自治区'),
(27, '610000', '陕西省'),
(28, '620000', '甘肃省'),
(29, '630000', '青海省'),
(30, '640000', '宁夏回族自治区'),
(31, '650000', '新疆维吾尔自治区'),
(32, '710000', '台湾省'),
(33, '810000', '香港特别行政区'),
(34, '820000', '澳门特别行政区');

-- --------------------------------------------------------

--
-- 表的结构 `t_discuss`
--

CREATE TABLE `t_discuss` (
  `_id` int(11) NOT NULL,
  `user_id` int(11) NOT NULL COMMENT '用户id',
  `shop_id` int(11) NOT NULL COMMENT '商户id',
  `discuss` varchar(255) NOT NULL COMMENT '评论',
  `classify_id` int(11) DEFAULT NULL COMMENT '分类id',
  `discuss_time` timestamp NOT NULL DEFAULT CURRENT_TIMESTAMP ON UPDATE CURRENT_TIMESTAMP COMMENT '评论时间'
) ENGINE=MyISAM DEFAULT CHARSET=utf8 COMMENT='评论';

--
-- 转存表中的数据 `t_discuss`
--

INSERT INTO `t_discuss` (`_id`, `user_id`, `shop_id`, `discuss`, `classify_id`, `discuss_time`) VALUES
(1, 1, 1, '他家的面包针对的超级好吃', 2, '2017-09-12 02:02:16');

-- --------------------------------------------------------

--
-- 表的结构 `t_discuss_classify`
--

CREATE TABLE `t_discuss_classify` (
  `_id` int(11) NOT NULL,
  `classify_name` varchar(50) NOT NULL COMMENT '名称'
) ENGINE=MyISAM DEFAULT CHARSET=utf8 COMMENT='评论分类表';

--
-- 转存表中的数据 `t_discuss_classify`
--

INSERT INTO `t_discuss_classify` (`_id`, `classify_name`) VALUES
(1, '服务热情'),
(2, '味道赞'),
(3, '干净卫生'),
(4, '环境优雅'),
(5, '性价比高'),
(6, '上菜快'),
(7, '价格实惠'),
(8, '分量足'),
(9, '肉类好'),
(10, '菜品不错');

-- --------------------------------------------------------

--
-- 表的结构 `t_fields`
--

CREATE TABLE `t_fields` (
  `_id` int(11) NOT NULL,
  `field_name` varchar(50) NOT NULL COMMENT '领域名称',
  `order_value` varchar(50) NOT NULL COMMENT '排列顺序',
  `flag` int(11) NOT NULL DEFAULT '1' COMMENT '1:显示；0'
) ENGINE=MyISAM DEFAULT CHARSET=utf8 COMMENT='领域表';

--
-- 转存表中的数据 `t_fields`
--

INSERT INTO `t_fields` (`_id`, `field_name`, `order_value`, `flag`) VALUES
(1, '美食', '10', 1),
(2, '外卖', '20', 1),
(3, '酒店', '30', 1),
(4, '猫眼电影', '40', 1),
(5, '休闲娱乐/KTV', '50', 1),
(6, '丽人/美发', '60', 1),
(7, '结婚/婚纱摄影/婚宴', '70', 1),
(8, '亲子/儿童乐园/幼教', '80', 1),
(9, '运动健身', '90', 1),
(10, '家装/建材/家居', '100', 1),
(11, '学习培训/音乐培训', '110', 1),
(12, '医疗健康/宠物/爱车', '120', 1),
(13, '酒吧/密室', '130', 1);

-- --------------------------------------------------------

--
-- 表的结构 `t_persons`
--

CREATE TABLE `t_persons` (
  `id` int(11) NOT NULL,
  `name` varchar(30) DEFAULT NULL,
  `age` int(11) DEFAULT NULL,
  `address` varchar(30) DEFAULT NULL,
  `salary` double DEFAULT NULL
) ENGINE=InnoDB DEFAULT CHARSET=utf8;

--
-- 转存表中的数据 `t_persons`
--

INSERT INTO `t_persons` (`id`, `name`, `age`, `address`, `salary`) VALUES
(2, '李宁', 65, '赛博坦', 4321),
(3, 'John', 15, '火星', 4000);

-- --------------------------------------------------------

--
-- 表的结构 `t_purchase`
--

CREATE TABLE `t_purchase` (
  `_id` int(11) NOT NULL,
  `user_id` int(11) NOT NULL COMMENT '用户id',
  `combo_id` int(11) NOT NULL COMMENT '套餐ID',
  `purchase_time` timestamp NOT NULL DEFAULT CURRENT_TIMESTAMP ON UPDATE CURRENT_TIMESTAMP COMMENT '购买时间',
  `total` varchar(50) NOT NULL COMMENT '总金额'
) ENGINE=MyISAM DEFAULT CHARSET=utf8 COMMENT='购买记录表';

--
-- 转存表中的数据 `t_purchase`
--

INSERT INTO `t_purchase` (`_id`, `user_id`, `combo_id`, `purchase_time`, `total`) VALUES
(1, 1, 1, '2017-09-20 08:02:45', '52.9'),
(2, 4, 1, '2017-10-26 06:41:15', '52.9'),
(3, 4, 1, '2017-10-26 06:44:41', '52.9'),
(4, 4, 1, '2017-10-26 06:59:24', '52.9'),
(5, 4, 1, '2017-10-26 07:00:44', '52.9'),
(6, 5, 1, '2017-10-26 08:51:14', '52.9');

-- --------------------------------------------------------

--
-- 表的结构 `t_shop`
--

CREATE TABLE `t_shop` (
  `_id` int(11) NOT NULL,
  `shop_name` varchar(50) NOT NULL COMMENT '商户名',
  `shop_cover` varchar(100) NOT NULL COMMENT '商户封面',
  `hits` varchar(50) NOT NULL COMMENT '消费人数',
  `address` varchar(100) NOT NULL COMMENT '地址',
  `current_cost` varchar(50) NOT NULL COMMENT '人均消费',
  `tel` varchar(50) NOT NULL COMMENT '商户电话',
  `time` varchar(50) DEFAULT NULL COMMENT '营业时间',
  `field_id` int(11) NOT NULL,
  `sub_field_id` int(11) NOT NULL,
  `d_id` int(11) NOT NULL
) ENGINE=MyISAM DEFAULT CHARSET=utf8 COMMENT='商户信息表';

--
-- 转存表中的数据 `t_shop`
--

INSERT INTO `t_shop` (`_id`, `shop_name`, `shop_cover`, `hits`, `address`, `current_cost`, `tel`, `time`, `field_id`, `sub_field_id`, `d_id`) VALUES
(1, '瑞可爷爷的店（沈阳大悦城店）', 'static/meishi/__42613235__1750803.jpg', '5632', '大东区小东路6号沈阳大悦城3层', '35', '18642018481', '10:00-21:00', 1, 1, 210102),
(4, '亨德士（正良店）', 'http://p1.meituan.net/mogu/67823ba16968cd9f70839a79fee173e7405416.jpg@275w_157h', '562', '沈北新区正义五路航空航天大学地铁c出口处', '16', '024-66554096', NULL, 1, 5, 210113),
(3, '野人串吧', 'http://p1.meituan.net/mogu/36232c97f6b809aa0df07c4add1b860c242618.jpg@275w_157h', '6584', '大东区白塔路德增街150-4-112号', '50', '13614054855', NULL, 1, 8, 210104);

-- --------------------------------------------------------

--
-- 表的结构 `t_shop_combo`
--

CREATE TABLE `t_shop_combo` (
  `_id` int(11) NOT NULL,
  `shop_id` int(11) NOT NULL COMMENT '商户id',
  `combo_name` varchar(100) NOT NULL COMMENT '套餐名',
  `end_time` timestamp NOT NULL DEFAULT CURRENT_TIMESTAMP ON UPDATE CURRENT_TIMESTAMP COMMENT '结束时间',
  `discount_cost` varchar(50) NOT NULL COMMENT '折扣',
  `original_cost` varchar(50) NOT NULL COMMENT '原始',
  `combo_cover` varchar(250) NOT NULL COMMENT '套餐封面'
) ENGINE=MyISAM DEFAULT CHARSET=utf8 COMMENT='商户套餐表';

--
-- 转存表中的数据 `t_shop_combo`
--

INSERT INTO `t_shop_combo` (`_id`, `shop_id`, `combo_name`, `end_time`, `discount_cost`, `original_cost`, `combo_cover`) VALUES
(1, 1, '蛋糕3选1，约7英寸，圆', '2017-10-08 16:00:00', '52.9', '59', '//p0.meituan.net/deal/__42613272__7576960.jpg@200w_200h_1e_1c'),
(2, 1, '起司蛋糕1个，约7英寸，圆', '2017-10-08 16:00:00', '33.9', '39', '//p0.meituan.net/deal/__49686677__5224887.jpg@200w_200h_1e_1c'),
(3, 3, '100元代金券1张，可叠加', '2017-09-22 04:00:21', '100', '88', 'http://p1.meituan.net/208.126/deal/85bd1903c151251c4e8ece64ca7b430060508.jpg@0_4_690_418a%7C388h_640w_2e_90Q'),
(4, 3, '双人豪华套餐，包间免费', '2017-09-22 04:00:21', '113', '79', 'http://p1.meituan.net/208.126/deal/09e626c4cc64b114f67678b93f1128c6480192.jpg'),
(5, 3, '四人套餐，包间免费', '2017-09-22 04:01:06', '172', '139.9', 'http://p0.meituan.net/208.126/deal/ba58ad855af21b993821496f21c83702447412.jpg'),
(6, 4, '超值特惠单人餐A，包间免费', '2017-09-22 05:49:57', '9.9', '19', 'http://p0.meituan.net/208.126/deal/41c9924f19af52b647838d827629743096105.jpg'),
(7, 4, '新双人餐，包间免费', '2017-09-22 05:49:57', '28.8', '47', 'http://p1.meituan.net/208.126/deal/8fd12e9cd69c496e90e691755fc6a65b411722.jpg'),
(8, 4, '超值特惠单人餐B，包间免费', '2017-09-22 05:59:35', '15.8', '25', 'http://p1.meituan.net/208.126/deal/8fd12e9cd69c496e90e691755fc6a65b411722.jpg');

-- --------------------------------------------------------

--
-- 表的结构 `t_shop_pic`
--

CREATE TABLE `t_shop_pic` (
  `_id` int(11) NOT NULL,
  `shop_id` int(11) NOT NULL COMMENT '店铺id',
  `pic_url` varchar(100) NOT NULL COMMENT '路径',
  `type` int(11) NOT NULL DEFAULT '1' COMMENT '1:店铺/2:菜品'
) ENGINE=MyISAM DEFAULT CHARSET=utf8 COMMENT='商户展示图片表';

--
-- 转存表中的数据 `t_shop_pic`
--

INSERT INTO `t_shop_pic` (`_id`, `shop_id`, `pic_url`, `type`) VALUES
(1, 1, 'http://p1.meituan.net/deal/__42613235__1750803.jpg@PC', 1),
(2, 1, 'http://p0.meituan.net/deal/__42613236__9591116.jpg@PC', 1),
(3, 1, 'http://p1.meituan.net/deal/__42613218__5693438.jpg@PC', 2),
(4, 1, 'http://p0.meituan.net/deal/__42613219__1200149.jpg@PC', 2),
(5, 1, 'http://p1.meituan.net/deal/__42613218__5925751.jpg@PC', 2),
(6, 3, 'http://p0.meituan.net/deal/b69808632d7d7e3a232d32b25cf6d7c5438306.jpg@PC', 2),
(7, 3, 'http://p0.meituan.net/deal/9fb02e3998354b72ba43511cfdbf3f7e429517.jpg@PC', 2),
(8, 3, 'http://p1.meituan.net/deal/20eae564006362573f8e97983c21c247403512.jpg@PC', 2),
(9, 3, 'http://p0.meituan.net/deal/c9acd8898c1ea16fa6f29a1fb38951fa429513.jpg@PC', 2),
(10, 3, 'http://p1.meituan.net/deal/17ebd574d042c7aa58dc43a8aff51202546294.jpg@PC', 1),
(11, 3, 'http://p0.meituan.net/deal/b5a9c2d2a8fd19eb7a601fd95fd0d4a8530901.jpg@PC', 1),
(12, 3, 'http://p1.meituan.net/deal/c0d2895ee552ac3f806ede5278e5c64e403385.jpg@PC', 1),
(13, 3, 'http://p1.meituan.net/deal/d4d8c68cbf6451b76fddee20e4ab369b504191.jpg@PC', 1),
(14, 4, 'http://p1.meituan.net/deal/c65aef8563ed2e1dc9253cc82261e7bb305620.jpg@PC', 2),
(15, 4, 'http://p1.meituan.net/deal/04e9611ad860e144847bb97dce603c0a143001.jpg@PC', 2),
(16, 4, 'http://p0.meituan.net/deal/97de2256c2232b985791a22018ff4a6b221438.jpg@PC', 2),
(17, 4, 'http://p1.meituan.net/deal/a8a05161372648b1dadf8130f942db99189576.jpg@PC', 2),
(18, 4, 'http://p0.meituan.net/deal/0d64edc28f274247e1b7f60ae00237da319499.jpg@PC', 1),
(19, 4, 'http://p1.meituan.net/deal/2975f158e747c0c36a8f0d5b5ce6f2e3367990.jpg@PC', 1),
(20, 4, 'http://p0.meituan.net/deal/8f5bb6114b1770cdd3e960b2c35d67dd295457.jpg@PC', 1),
(21, 4, 'http://p1.meituan.net/deal/791a690d2dae1dd852256f0b41cbf528646487.jpg@PC', 1);

-- --------------------------------------------------------

--
-- 表的结构 `t_sub_combo`
--

CREATE TABLE `t_sub_combo` (
  `_id` int(11) NOT NULL,
  `combo_id` int(11) NOT NULL COMMENT '套餐id',
  `cname` varchar(50) NOT NULL COMMENT '套餐内容',
  `product` varchar(50) DEFAULT NULL COMMENT '可选物品',
  `price` varchar(50) NOT NULL COMMENT '单价',
  `amount` varchar(50) NOT NULL COMMENT '数量/规格',
  `total` varchar(50) NOT NULL COMMENT '小计'
) ENGINE=MyISAM DEFAULT CHARSET=utf8 COMMENT='套餐字表';

--
-- 转存表中的数据 `t_sub_combo`
--

INSERT INTO `t_sub_combo` (`_id`, `combo_id`, `cname`, `product`, `price`, `amount`, `total`) VALUES
(1, 1, '三选一', '凹蛋糕（巧克力口味）', '59', '1', '59'),
(2, 1, '三选一', '凹蛋糕（蜂蜜口味）', '59', '1', '59'),
(3, 1, '三选一', '凹蛋糕（抹茶口味）', '59', '1', '59'),
(5, 3, '代金券', NULL, '100', '1', '88'),
(6, 4, '代金券', NULL, '113', '1', '79.9'),
(7, 5, '代金券', NULL, '172', '1', '139.9'),
(8, 2, '起司蛋糕', NULL, '39', '1', '33.9'),
(9, 6, '套餐', '鸡腿汉堡', '8', '1', '8'),
(10, 6, '套餐', '鸡块', '6', '1', '6'),
(11, 6, '套餐', '中杯可乐', '5', '1', '5'),
(12, 7, '套餐', '鸡腿堡', '8', '2', '16'),
(13, 7, '套餐', '薯条（大）', '7', '1', '7'),
(14, 7, '套餐', '鸡块', '6', '1', '6'),
(15, 7, '套餐', '雪花鸡柳', '8', '1', '8'),
(16, 7, '套餐', '中杯可乐', '5', '2', '10'),
(17, 8, '套餐', ' 伴鱼伴虾堡', '13', '1', '13'),
(18, 8, '套餐', '薯条（大）', '7', '1', '7'),
(19, 8, '套餐', '中杯可乐', '5', '1', '5');

-- --------------------------------------------------------

--
-- 表的结构 `t_sub_fields`
--

CREATE TABLE `t_sub_fields` (
  `_id` int(11) NOT NULL,
  `sub_field_name` varchar(50) NOT NULL COMMENT '子领域名',
  `field_id` int(11) NOT NULL COMMENT '大领域id',
  `order_value` varchar(50) NOT NULL COMMENT '排列顺序',
  `flag` int(11) NOT NULL DEFAULT '1' COMMENT '1显示；0不显示'
) ENGINE=MyISAM DEFAULT CHARSET=utf8 COMMENT='子领域表';

--
-- 转存表中的数据 `t_sub_fields`
--

INSERT INTO `t_sub_fields` (`_id`, `sub_field_name`, `field_id`, `order_value`, `flag`) VALUES
(1, '甜点饮品', 1, '10', 1),
(2, '火锅', 1, '20', 1),
(3, '日韩料理', 1, '30', 1),
(4, '西餐', 1, '40', 1),
(5, '小吃快餐', 1, '50', 1),
(6, '自助餐', 1, '60', 1),
(7, '咖啡酒吧茶馆', 1, '70', 1),
(8, '烧烤烤肉', 1, '80', 1),
(9, '川湘菜', 1, '90', 1),
(10, '江浙菜', 1, '100', 1),
(11, '粤港菜', 1, '110', 1),
(12, '西北菜', 1, '120', 1),
(13, '京菜鲁菜', 1, '130', 1),
(14, '云贵菜', 1, '140', 1),
(15, '东南亚菜', 1, '150', 1),
(16, '海鲜', 1, '160', 1),
(17, '生鲜蔬果', 1, '170', 1),
(18, '素食', 1, '180', 1),
(19, '台湾/客家菜', 1, '190', 1),
(20, '创意菜', 1, '200', 1),
(21, '汤/粥/炖菜', 1, '210', 1),
(22, '蒙餐', 1, '220', 1),
(23, '新疆菜', 1, '230', 1),
(24, '广西菜', 1, '240', 1),
(25, '代金券', 1, '250', 1),
(26, '外卖', 1, '260', 1),
(27, '聚餐宴请', 1, '270', 1),
(28, '中式烧烤/烤串', 1, '280', 1),
(29, '闽菜', 1, '290', 1),
(30, '代金券促销', 1, '300', 1),
(31, '川菜', 1, '310', 1),
(32, '湘菜', 1, '320', 1),
(33, '大闸蟹', 1, '330', 1),
(34, '观赛餐厅', 1, '340', 1),
(35, '徽菜', 1, '350', 1),
(36, '麻辣烫', 1, '360', 1),
(37, '小龙虾', 1, '370', 1),
(38, '夜宵', 1, '380', 1),
(39, '月饼', 1, '390', 1),
(40, '粽子', 1, '400', 1),
(41, '预定早餐', 1, '410', 1),
(42, '东北菜', 1, '420', 1),
(43, '香锅烤鱼', 1, '430', 1),
(44, '清真菜', 1, '440', 1),
(45, '日本料理', 1, '450', 1),
(46, '韩国料理', 1, '460', 1),
(47, '优惠买单', 1, '470', 1),
(48, '生日蛋糕', 1, '480', 1),
(49, '豫菜', 1, '490', 1),
(50, '湖北菜', 1, '500', 1),
(51, '江西菜', 1, '510', 1),
(52, '山西菜', 1, '520', 1),
(53, '北京菜', 1, '530', 1),
(54, '鲁菜', 1, '540', 1);

-- --------------------------------------------------------

--
-- 表的结构 `t_trade_record`
--

CREATE TABLE `t_trade_record` (
  `_id` int(11) NOT NULL,
  `trasaction_id` varchar(50) NOT NULL COMMENT '订单编号',
  `combo_id` int(11) NOT NULL COMMENT '套餐id',
  `product_name` varchar(50) NOT NULL COMMENT '团购内容',
  `amount` varchar(50) NOT NULL COMMENT '数量',
  `user_id` int(11) NOT NULL COMMENT '用户id',
  `start_time` varchar(50) NOT NULL COMMENT '下单时间',
  `end_time` varchar(50) NOT NULL COMMENT '有效日期',
  `yn` varchar(11) NOT NULL DEFAULT '0' COMMENT '1：付款/0:未付款',
  `total` varchar(50) NOT NULL COMMENT '支付金额'
) ENGINE=MyISAM DEFAULT CHARSET=utf8 COMMENT='订单表';

--
-- 转存表中的数据 `t_trade_record`
--

INSERT INTO `t_trade_record` (`_id`, `trasaction_id`, `combo_id`, `product_name`, `amount`, `user_id`, `start_time`, `end_time`, `yn`, `total`) VALUES
(1, '201709203596244778', 1, '蛋糕3选1，约7英寸，圆', '2', 1, '1505888321609', '1505890913609', '0', '105.8'),
(2, '201709208958198338', 1, '蛋糕3选1，约7英寸，圆', '1', 1, '1505888636879', '1505891228879', '0', '52.9'),
(3, '201709201630639252', 2, '起司蛋糕1个，约7英寸，圆', '4', 1, '1505888798573', '1505891390573', '0', '135.6'),
(4, '201709206571218832', 2, '起司蛋糕1个，约7英寸，圆', '2', 1, '1505889240924', '1505891832924', '0', '67.8'),
(5, '201709200739073210', 1, '蛋糕3选1，约7英寸，圆', '2', 1, '1505889323150', '1505891915150', '0', '52.9'),
(6, '201709207188578317', 1, '蛋糕3选1，约7英寸，圆', '1', 1, '1505890333134', '1505892925134', '0', '52.9'),
(7, '201709204809007884', 1, '蛋糕3选1，约7英寸，圆', '1', 1, '1505891557915', '1505894149915', '0', '52.9'),
(8, '201709203666839388', 1, '蛋糕3选1，约7英寸，圆', '1', 1, '1505891664405', '1505894256405', '0', '52.9'),
(9, '201709209318248827', 1, '蛋糕3选1，约7英寸，圆', '1', 1, '1505891818251', '1505894410251', '0', '52.9'),
(10, '201709205408204696', 1, '蛋糕3选1，约7英寸，圆', '1', 1, '1505891887160', '1505894479160', '0', '52.9'),
(11, '201709207964685005', 1, '蛋糕3选1，约7英寸，圆', '1', 1, '1505891960537', '1505894552537', '0', '52.9'),
(12, '201709204598185921', 1, '蛋糕3选1，约7英寸，圆', '1', 1, '1505892147644', '1505894739644', '0', '52.9'),
(13, '201709205813895185', 1, '蛋糕3选1，约7英寸，圆', '1', 1, '1505892219953', '1505894811953', '0', '52.9'),
(14, '201709201860667457', 1, '蛋糕3选1，约7英寸，圆', '1', 1, '1505892280661', '1505894872661', '0', '52.9'),
(15, '201709207223982522', 1, '蛋糕3选1，约7英寸，圆', '1', 1, '1505892352527', '1505894944527', '0', '52.9'),
(16, '201709206542903686', 1, '蛋糕3选1，约7英寸，圆', '1', 1, '1505893495099', '1505896087099', '0', '52.9'),
(17, '201709203178908769', 1, '蛋糕3选1，约7英寸，圆', '1', 1, '1505893585120', '1505896177120', '1', '52.9'),
(18, '201709206456723464', 1, '蛋糕3选1，约7英寸，圆', '1', 1, '1505894224388', '1505896816388', '1', '52.9'),
(19, '201709202490909603', 1, '蛋糕3选1，约7英寸，圆', '1', 1, '1505894546294', '1505897138294', '1', '52.9'),
(20, '201709207345103849', 1, '蛋糕3选1，约7英寸，圆', '1', 1, '1506042976088', '1506045568088', '0', '52.9'),
(21, '201709208294359566', 1, '蛋糕3选1，约7英寸，圆', '1', 1, '1506043593469', '1506046185469', '0', '52.9'),
(22, '201709203080154730', 1, '蛋糕3选1，约7英寸，圆', '1', 1, '1506049233883', '1506051825883', '0', '52.9'),
(23, '201709204413063910', 3, '100元代金券1张，可叠加', '1', 1, '1506054828863', '1506057420863', '0', '100'),
(24, '201709202518595914', 1, '蛋糕3选1，约7英寸，圆', '1', 3, '1508917462702', '1508920054702', '0', '52.9'),
(25, '201709205910668837', 1, '蛋糕3选1，约7英寸，圆', '1', 4, '1508983008015', '1508985600015', '0', '52.9'),
(26, '201709206785239859', 1, '蛋糕3选1，约7英寸，圆', '6', 4, '1508983015378', '1508985607378', '0', '317.4'),
(27, '201709207062319296', 1, '蛋糕3选1，约7英寸，圆', '5', 4, '1508983049338', '1508985641338', '0', '264.5'),
(28, '201710267093775311', 4, '双人豪华套餐，包间免费', '10', 5, '1508997265214', '1508999857214', '0', '1130'),
(29, '201710269240013889', 3, '100元代金券1张，可叠加', '1', 5, '1508997462133', '1509000054133', '0', '100'),
(30, '201710269391728483', 1, '蛋糕3选1，约7英寸，圆', '1', 5, '1508997609245', '1509000201245', '0', '52.9'),
(31, '201709206769367940', 1, '蛋糕3选1，约7英寸，圆', '1', 4, '1508997770543', '1509000362543', '0', '52.9'),
(32, '201710265495337037', 1, '蛋糕3选1，约7英寸，圆', '1', 5, '1508998663203', '1509001255203', '0', '52.9'),
(33, '201710263194834270', 1, '蛋糕3选1，约7英寸，圆', '1', 5, '1508998710130', '1509001302130', '0', '52.9'),
(34, '201710260534141921', 1, '蛋糕3选1，约7英寸，圆', '1', 5, '1508999080821', '1509001672821', '0', '52.9'),
(35, '201709204166181030', 1, '蛋糕3选1，约7英寸，圆', '1', 4, '1508999880510', '1509002472510', '0', '52.9'),
(36, '201709205701108865', 1, '蛋糕3选1，约7英寸，圆', '1', 4, '1509000047010', '1509002639010', '1', '52.9'),
(37, '201709201513327098', 1, '蛋糕3选1，约7英寸，圆', '1', 4, '1509000255017', '1509002847017', '1', '52.9'),
(38, '201709208348373716', 1, '蛋糕3选1，约7英寸，圆', '1', 4, '1509001025176', '1509003617176', '1', '52.9'),
(39, '201709201844341597', 1, '蛋糕3选1，约7英寸，圆', '1', 4, '1509001226757', '1509003818757', '1', '52.9'),
(40, '201710261329270501', 1, '蛋糕3选1，约7英寸，圆', '1', 5, '1509003654288', '1509006246288', '0', '52.9'),
(41, '201710262967454408', 1, '蛋糕3选1，约7英寸，圆', '1', 5, '1509006710020', '1509009302020', '0', '52.9'),
(42, '201710268878269486', 1, '蛋糕3选1，约7英寸，圆', '1', 5, '1509007569258', '1509010161258', '0', '52.9'),
(43, '201710264423184090', 1, '蛋糕3选1，约7英寸，圆', '1', 5, '1509007856861', '1509010448861', '1', '52.9'),
(44, '201709206803989832', 3, '100元代金券1张，可叠加', '1', 4, '1509077480847', '1509080072847', '0', '100'),
(45, '201709202466530816', 1, '蛋糕3选1，约7英寸，圆', '1', 4, '1509084300776', '1509086892776', '0', '52.9'),
(46, '201709201635198519', 1, '蛋糕3选1，约7英寸，圆', '1', 4, '1509084509126', '1509087101126', '0', '52.9'),
(47, '201710276209520415', 1, '蛋糕3选1，约7英寸，圆', '1', 8, '1509089960051', '1509092552051', '0', '52.9'),
(48, '2017092019730', 1, '蛋糕3选1，约7英寸，圆', '1', 10, '1509954864.1582', '1510041264.1582', '1', '52.9'),
(49, '2017092057840', 1, '蛋糕3选1，约7英寸，圆', '1', 10, '1510019394.373259', '1510105794.373259', '0', '52.9'),
(50, '2017092023094', 1, '蛋糕3选1，约7英寸，圆', '1', 12, '1510197838.311828', '1510284238.311828', '0', '52.9'),
(51, '2017092010279', 3, '100元代金券1张，可叠加', '1', 11, '1510302830.413791', '1510389230.413791', '0', '100.0'),
(52, '2017092054379', 3, '100元代金券1张，可叠加', '1', 11, '1510302970.9997811', '1510389370.9997811', '0', '100.0'),
(53, '2017092089751', 3, '100元代金券1张，可叠加', '1', 28, '1510303145.935412', '1510389545.935412', '0', '100.0'),
(54, '2017092023546', 3, '100元代金券1张，可叠加', '1', 28, '1510303159.0294871', '1510389559.0294871', '0', '100.0'),
(55, '2017092028701', 4, '双人豪华套餐，包间免费', '2', 28, '1510307336.7186828', '1510393736.7186828', '0', '226.0'),
(56, '2017092040531', 4, '双人豪华套餐，包间免费', '1', 28, '1510307400.5891368', '1510393800.5891368', '0', '113.0'),
(57, '2017092043587', 5, '四人套餐，包间免费', '1', 28, '1510307426.666909', '1510393826.666909', '0', '172.0'),
(58, '2017092078329', 5, '四人套餐，包间免费', '3', 28, '1510307657.774713', '1510394057.774713', '0', '516.0'),
(59, '2017092073145', 4, '双人豪华套餐，包间免费', '1', 29, '1510665574.675592', '1510751974.675592', '0', '113.0'),
(60, '2017092061348', 5, '四人套餐，包间免费', '1', 29, '1510665607.593311', '1510752007.593311', '0', '172.0'),
(61, '2017092043706', 5, '四人套餐，包间免费', '1', 29, '1510665691.29917', '1510752091.29917', '0', '172.0'),
(62, '2017092026139', 5, '四人套餐，包间免费', '1', 29, '1510665757.437491', '1510752157.437491', '0', '172.0'),
(63, '2017092094376', 5, '四人套餐，包间免费', '1', 29, '1510665781.3347058', '1510752181.3347058', '0', '172.0'),
(64, '2017092052063', 7, '新双人餐，包间免费', '1', 29, '1510665821.915686', '1510752221.915686', '0', '28.8'),
(65, '2017092065723', 5, '四人套餐，包间免费', '1', 29, '1510666033.7971468', '1510752433.7971468', '0', '172.0'),
(66, '2017092094580', 5, '四人套餐，包间免费', '1', 29, '1510666094.334732', '1510752494.334732', '0', '172.0'),
(67, '2017092026347', 7, '新双人餐，包间免费', '1', 29, '1510666147.449088', '1510752547.449088', '0', '28.8'),
(68, '2017092046018', 7, '新双人餐，包间免费', '1', 29, '1510666226.832792', '1510752626.832792', '0', '28.8'),
(69, '2017092040157', 3, '100元代金券1张，可叠加', '1', 29, '1510667278.822471', '1510753678.822471', '0', '100.0'),
(70, '2017092091428', 4, '双人豪华套餐，包间免费', '1', 29, '1510747075.884937', '1510833475.884937', '0', '113.0'),
(71, '2017111283072', 7, '新双人餐，包间免费', '1', 29, '1510791890.9999402', '1510878290.9999402', '0', '28.8'),
(72, '2017092007896', 7, '新双人餐，包间免费', '1', 29, '1510791926.76413', '1510878326.76413', '0', '28.8'),
(73, '2017111261904', 7, '新双人餐，包间免费', '1', 29, '1510792038.52762', '1510878438.52762', '0', '28.8'),
(74, '2017111239061', 7, '新双人餐，包间免费', '1', 29, '1510792059.9263659', '1510878459.9263659', '0', '28.8'),
(75, '2017111257839', 7, '新双人餐，包间免费', '1', 29, '1510793350.3584971', '1510879750.3584971', '0', '28.8'),
(76, '2017111218750', 7, '新双人餐，包间免费', '5', 29, '1510793362.2828228', '1510879762.2828228', '0', '144.0'),
(77, '2017092019847', 7, '新双人餐，包间免费', '1', 29, '1510834971.703758', '1510921371.703758', '0', '28.8'),
(78, '2017092052683', 7, '新双人餐，包间免费', '1', 29, '1510838104.415262', '1510924504.415262', '0', '28.8'),
(79, '2017092075419', 4, '双人豪华套餐，包间免费', '1', 29, '1510838218.429039', '1510924618.429039', '0', '113.0'),
(80, '2017092039650', 4, '双人豪华套餐，包间免费', '1', 29, '1510838608.268547', '1510925008.268547', '0', '113.0'),
(81, '2017092075316', 4, '双人豪华套餐，包间免费', '1', 29, '1510838750.982335', '1510925150.982335', '0', '113.0'),
(82, '2017092051709', 4, '双人豪华套餐，包间免费', '1', 29, '1510838817.7876968', '1510925217.7876968', '0', '113.0'),
(83, '2017111219048', 2, '起司蛋糕1个，约7英寸，圆', '1', 29, '1510843481.512618', '1510929881.512618', '0', '33.9');

-- --------------------------------------------------------

--
-- 表的结构 `t_users`
--

CREATE TABLE `t_users` (
  `_id` int(11) NOT NULL COMMENT '用户id',
  `tel_number` varchar(50) NOT NULL COMMENT '用户手机号码即登录账号',
  `nickname` varchar(50) NOT NULL COMMENT '昵称',
  `password` varchar(100) NOT NULL COMMENT '登录密码',
  `user_pic` varchar(100) DEFAULT NULL COMMENT '头像'
) ENGINE=MyISAM DEFAULT CHARSET=utf8 COMMENT='用户表';

--
-- 转存表中的数据 `t_users`
--

INSERT INTO `t_users` (`_id`, `tel_number`, `nickname`, `password`, `user_pic`) VALUES
(1, '13124206891', '阿三飞饼', '1234qfhqfh', NULL),
(2, '15142103362', '我有大饼满天飞', '1234qfhqfh', NULL),
(3, '88888', 'P5kGB2yDPH', '1', NULL),
(4, '9000', 'jP8mpBUtiG', '1', NULL),
(5, '1111', 'fddffd', '333', NULL),
(6, '11111', 'dddf', '222', NULL),
(7, 'xxx', 'aaaaaa', 'dddsdds', NULL),
(8, 'xxxx', 'WHVOfeZujt', '1', NULL),
(9, 'xyz', '0IDMQytE', '1', NULL),
(10, 'abcd', 'zfxFiaam', 'a', NULL),
(11, 'lili', 'suBYcpgk', '1', NULL),
(12, '666', 'aaaaaaaa', '6', NULL),
(13, 'aaaaaa', 'vSe3eGrp', '1', NULL),
(14, 'aaaaaa', 'OLa3nQTC', '2', NULL),
(15, 'aaaaaa', 'MzG0mG6n', '2', NULL),
(16, 'aaaaaa', 'aYJUmyL9', '12', NULL),
(17, 'aaaaaa', 'OIzqrxTg', '33', NULL),
(18, 'aaaaaa', 'isqGbCsU', '333', NULL),
(19, 'ddds', 'W7mphMBi', '3', NULL),
(20, 'aaaaaa', 'gnY1433D', 'dd', NULL),
(21, 'aaaaaa', 'NGwfrUKj', '1', NULL),
(22, 'lining', 'HZSbz0pD', '1', NULL),
(23, 'lining', 'OcVoOY4L', '1', NULL),
(24, 'super', '457Yoh8R', '1', NULL),
(25, '6666', 'w7XAOUtf', '1', NULL),
(26, 'xxxxxx', 'MpeLL9IF', '1', NULL),
(27, '1861234', 'IEYDmow7', '1', NULL),
(28, '1867777', 'HZxPLm93', '1', NULL),
(29, '0000', 'ffdd', '1', NULL);

-- --------------------------------------------------------

--
-- 替换视图以便查看 `v_shop_combo`
-- (See below for the actual view)
--
CREATE TABLE `v_shop_combo` (
`_id` int(11)
,`shop_id` int(11)
,`combo_name` varchar(100)
,`end_time` timestamp
,`discount_cost` varchar(50)
,`original_cost` varchar(50)
,`combo_cover` varchar(250)
,`shop_name` varchar(50)
,`shop_cover` varchar(100)
,`hits` varchar(50)
,`address` varchar(100)
,`current_cost` varchar(50)
,`tel` varchar(50)
,`time` varchar(50)
,`sub_field_id` int(11)
,`sub_field_name` varchar(50)
,`field_name` varchar(50)
);

-- --------------------------------------------------------

--
-- 替换视图以便查看 `v_shop_combo_trade`
-- (See below for the actual view)
--
CREATE TABLE `v_shop_combo_trade` (
`_id` int(11)
,`trasaction_id` varchar(50)
,`combo_id` int(11)
,`product_name` varchar(50)
,`amount` varchar(50)
,`user_id` int(11)
,`start_time` varchar(50)
,`end_time` varchar(50)
,`yn` varchar(11)
,`total` varchar(50)
,`discount_cost` varchar(50)
,`original_cost` varchar(50)
,`combo_cover` varchar(250)
,`shop_name` varchar(50)
,`shop_id` int(11)
,`shop_cover` varchar(100)
);

-- --------------------------------------------------------

--
-- 替换视图以便查看 `v_shop_fields`
-- (See below for the actual view)
--
CREATE TABLE `v_shop_fields` (
`_id` int(11)
,`shop_name` varchar(50)
,`shop_cover` varchar(100)
,`hits` varchar(50)
,`address` varchar(100)
,`d_id` int(11)
,`current_cost` varchar(50)
,`tel` varchar(50)
,`time` varchar(50)
,`field_id` int(11)
,`sub_field_id` int(11)
,`field_name` varchar(50)
,`sub_field_name` varchar(50)
);

-- --------------------------------------------------------

--
-- 替换视图以便查看 `v_shop_pic`
-- (See below for the actual view)
--
CREATE TABLE `v_shop_pic` (
`_id` int(11)
,`shop_id` int(11)
,`pic_url` varchar(100)
,`type` int(11)
,`shop_name` varchar(50)
);

-- --------------------------------------------------------

--
-- 替换视图以便查看 `v_user_discuss`
-- (See below for the actual view)
--
CREATE TABLE `v_user_discuss` (
`_id` int(11)
,`user_id` int(11)
,`shop_id` int(11)
,`discuss` varchar(255)
,`classify_id` int(11)
,`discuss_time` timestamp
,`nickname` varchar(50)
,`classify_name` varchar(50)
,`shop_name` varchar(50)
);

-- --------------------------------------------------------

--
-- 表的结构 `zipcode`
--

CREATE TABLE `zipcode` (
  `id` int(11) NOT NULL,
  `areaid` varchar(20) NOT NULL,
  `zip` varchar(20) NOT NULL,
  `code` varchar(20) NOT NULL
) ENGINE=MyISAM DEFAULT CHARSET=latin1;

--
-- 转存表中的数据 `zipcode`
--

INSERT INTO `zipcode` (`id`, `areaid`, `zip`, `code`) VALUES
(1, '110101', '100000', '010'),
(2, '110102', '100000', '010'),
(3, '110103', '100000', '010'),
(4, '110104', '100000', '010'),
(5, '110105', '100000', '010'),
(6, '110106', '100000', '010'),
(7, '110107', '100000', '010'),
(8, '110108', '100000', '010'),
(9, '110109', '102300', '010'),
(10, '110111', '102400', '010'),
(11, '110112', '101100', '010'),
(12, '110113', '101300', '010'),
(13, '110114', '102200', '010'),
(14, '110115', '102600', '010'),
(15, '110116', '101400', '010'),
(16, '110117', '101200', '010'),
(17, '110228', '101500', '010'),
(18, '110229', '102100', '010'),
(19, '120101', '300000', '022'),
(20, '120102', '300000', '022'),
(21, '120103', '300000', '022'),
(22, '120104', '300000', '022'),
(23, '120105', '300000', '022'),
(24, '120106', '300000', '022'),
(25, '120107', '300450', '022'),
(26, '120108', '300480', '022'),
(27, '120109', '300000', '022'),
(28, '120110', '300000', '022'),
(29, '120111', '300000', '022'),
(30, '120112', '300000', '022'),
(31, '120113', '300000', '022'),
(32, '120114', '301700', '022'),
(33, '120115', '301800', '022'),
(34, '120221', '301500', '022'),
(35, '120223', '301600', '022'),
(36, '120225', '301900', '022'),
(37, '130101', '050000', '0311'),
(38, '130102', '050000', '0311'),
(39, '130103', '050000', '0311'),
(40, '130104', '050000', '0311'),
(41, '130105', '050000', '0311'),
(42, '130107', '051000', '0311'),
(43, '130108', '050000', '0311'),
(44, '130121', '050300', '0311'),
(45, '130123', '050800', '0311'),
(46, '130124', '051430', '0311'),
(47, '130125', '050600', '0311'),
(48, '130126', '050500', '0311'),
(49, '130127', '051330', '0311'),
(50, '130128', '052500', '0311'),
(51, '130129', '051230', '0311'),
(52, '130130', '052400', '0311'),
(53, '130131', '050400', '0311'),
(54, '130132', '051130', '0311'),
(55, '130133', '051530', '0311'),
(56, '130181', '052300', '0311'),
(57, '130182', '052160', '0311'),
(58, '130183', '052200', '0311'),
(59, '130184', '050700', '0311'),
(60, '130185', '050200', '0311'),
(61, '130201', '063000', '0315'),
(62, '130202', '063000', '0315'),
(63, '130203', '063000', '0315'),
(64, '130204', '063000', '0315'),
(65, '130205', '063000', '0315'),
(66, '130207', '063300', '0315'),
(67, '130208', '063000', '0315'),
(68, '130223', '063700', '0315'),
(69, '130224', '063500', '0315'),
(70, '130225', '063600', '0315'),
(71, '130227', '064300', '0315'),
(72, '130229', '064100', '0315'),
(73, '130230', '063200', '0315'),
(74, '130281', '064200', '0315'),
(75, '130283', '064400', '0315'),
(76, '130301', '066000', '0335'),
(77, '130302', '066000', '0335'),
(78, '130303', '066200', '0335'),
(79, '130304', '066100', '0335'),
(80, '130321', '066500', '0335'),
(81, '130322', '066600', '0335'),
(82, '130323', '066300', '0335'),
(83, '130324', '066400', '0335'),
(84, '130401', '056000', '0310'),
(85, '130402', '056000', '0310'),
(86, '130403', '056000', '0310'),
(87, '130404', '056000', '0310'),
(88, '130406', '056200', '0310'),
(89, '130421', '056000', '0310'),
(90, '130423', '056600', '0310'),
(91, '130424', '056700', '0310'),
(92, '130425', '056900', '0310'),
(93, '130426', '056400', '0310'),
(94, '130427', '056500', '0310'),
(95, '130428', '057550', '0310'),
(96, '130429', '057150', '0310'),
(97, '130430', '057450', '0310'),
(98, '130431', '057350', '0310'),
(99, '130432', '057650', '0310'),
(100, '130433', '057750', '0310'),
(101, '130434', '056800', '0310'),
(102, '130435', '057250', '0310'),
(103, '130481', '056300', '0310'),
(104, '130501', '054000', '0319'),
(105, '130502', '054000', '0319'),
(106, '130503', '054000', '0319'),
(107, '130521', '054000', '0319'),
(108, '130522', '054300', '0319'),
(109, '130523', '054200', '0319'),
(110, '130524', '055450', '0319'),
(111, '130525', '055350', '0319'),
(112, '130526', '055150', '0319'),
(113, '130527', '054400', '0319'),
(114, '130528', '055550', '0319'),
(115, '130529', '055250', '0319'),
(116, '130530', '051730', '0319'),
(117, '130531', '054600', '0319'),
(118, '130532', '054500', '0319'),
(119, '130533', '054700', '0319'),
(120, '130534', '054800', '0319'),
(121, '130535', '054900', '0319'),
(122, '130581', '051800', '0319'),
(123, '130582', '054100', '0319'),
(124, '130601', '071000', '0312'),
(125, '130602', '071000', '0312'),
(126, '130603', '071000', '0312'),
(127, '130604', '071000', '0312'),
(128, '130621', '072150', '0312'),
(129, '130622', '071100', '0312'),
(130, '130623', '074100', '0312'),
(131, '130624', '073200', '0312'),
(132, '130625', '072550', '0312'),
(133, '130626', '072650', '0312'),
(134, '130627', '072350', '0312'),
(135, '130628', '071500', '0312'),
(136, '130629', '071700', '0312'),
(137, '130630', '102900', '0312'),
(138, '130631', '072450', '0312'),
(139, '130632', '071600', '0312'),
(140, '130633', '074200', '0312'),
(141, '130634', '073100', '0312'),
(142, '130635', '071400', '0312'),
(143, '130636', '072250', '0312'),
(144, '130637', '071300', '0312'),
(145, '130638', '071800', '0312'),
(146, '130681', '072750', '0312'),
(147, '130682', '073000', '0312'),
(148, '130683', '071200', '0312'),
(149, '130684', '074000', '0312'),
(150, '130701', '075000', '0313'),
(151, '130702', '075000', '0313'),
(152, '130703', '075000', '0313'),
(153, '130705', '075000', '0313'),
(154, '130706', '075000', '0313'),
(155, '130721', '075100', '0313'),
(156, '130722', '076450', '0313'),
(157, '130723', '076650', '0313'),
(158, '130724', '076550', '0313'),
(159, '130725', '076750', '0313'),
(160, '130726', '075700', '0313'),
(161, '130727', '075800', '0313'),
(162, '130728', '076150', '0313'),
(163, '130729', '076250', '0313'),
(164, '130730', '075400', '0313'),
(165, '130731', '075600', '0313'),
(166, '130732', '075500', '0313'),
(167, '130733', '076350', '0313'),
(168, '130801', '067000', '0314'),
(169, '130802', '067000', '0314'),
(170, '130803', '067000', '0314'),
(171, '130804', '067200', '0314'),
(172, '130821', '067400', '0314'),
(173, '130822', '067300', '0314'),
(174, '130823', '067500', '0314'),
(175, '130824', '068250', '0314'),
(176, '130825', '068150', '0314'),
(177, '130826', '068350', '0314'),
(178, '130827', '067600', '0314'),
(179, '130828', '068450', '0314'),
(180, '130901', '061000', '0317'),
(181, '130902', '061000', '0317'),
(182, '130903', '061000', '0317'),
(183, '130921', '061000', '0317'),
(184, '130922', '062650', '0315'),
(185, '130923', '061600', '0317'),
(186, '130924', '061200', '0317'),
(187, '130925', '061300', '0317'),
(188, '130926', '062350', '0317'),
(189, '130927', '061500', '0317'),
(190, '130928', '061800', '0317'),
(191, '130929', '062250', '0317'),
(192, '130930', '061400', '0317'),
(193, '130981', '062150', '0317'),
(194, '130982', '062550', '0317'),
(195, '130983', '061100', '0317'),
(196, '130984', '062450', '0317'),
(197, '131001', '065000', '0316'),
(198, '131002', '065000', '0316'),
(199, '131003', '065000', '0316'),
(200, '131022', '065500', '0316'),
(201, '131023', '065600', '0316'),
(202, '131024', '065400', '0316'),
(203, '131025', '065900', '0316'),
(204, '131026', '065800', '0316'),
(205, '131028', '065300', '0316'),
(206, '131081', '065700', '0316'),
(207, '131082', '065200', '0316'),
(208, '131101', '053000', '0318'),
(209, '131102', '053000', '0318'),
(210, '131121', '053100', '0318'),
(211, '131122', '053400', '0318'),
(212, '131123', '053300', '0318'),
(213, '131124', '053900', '0318'),
(214, '131125', '053600', '0318'),
(215, '131126', '053800', '0318'),
(216, '131127', '053500', '0318'),
(217, '131128', '053700', '0318'),
(218, '131181', '053200', '0318'),
(219, '131182', '052800', '0318'),
(220, '140101', '030000', '0351'),
(221, '140105', '030000', '0351'),
(222, '140106', '030000', '0351'),
(223, '140107', '030000', '0351'),
(224, '140108', '030000', '0351'),
(225, '140109', '030000', '0351'),
(226, '140110', '030000', '0351'),
(227, '140121', '030400', '0351'),
(228, '140122', '030100', '0351'),
(229, '140123', '030300', '0351'),
(230, '140181', '030200', '0351'),
(231, '140201', '037000', '0352'),
(232, '140202', '037000', '0352'),
(233, '140203', '037000', '0352'),
(234, '140211', '037000', '0352'),
(235, '140212', '037000', '0352'),
(236, '140221', '038100', '0352'),
(237, '140222', '038200', '0352'),
(238, '140223', '037500', '0352'),
(239, '140224', '034400', '0352'),
(240, '140225', '037400', '0352'),
(241, '140226', '037100', '0352'),
(242, '140227', '037300', '0352'),
(243, '140301', '045000', '0353'),
(244, '140302', '045000', '0353'),
(245, '140303', '045000', '0353'),
(246, '140311', '045000', '0353'),
(247, '140321', '045200', '0353'),
(248, '140322', '045100', '0353'),
(249, '140401', '046000', '0355'),
(250, '140402', '046000', '0355'),
(251, '140411', '046000', '0355'),
(252, '140421', '046000', '0355'),
(253, '140423', '046200', '0355'),
(254, '140424', '046100', '0355'),
(255, '140425', '047400', '0355'),
(256, '140426', '047600', '0355'),
(257, '140427', '047300', '0355'),
(258, '140428', '046600', '0355'),
(259, '140429', '046300', '0355'),
(260, '140430', '046400', '0355'),
(261, '140431', '046500', '0355'),
(262, '140481', '047500', '0355'),
(263, '140501', '048000', '0356'),
(264, '140502', '048000', '0356'),
(265, '140521', '048200', '0356'),
(266, '140522', '048100', '0356'),
(267, '140524', '048300', '0356'),
(268, '140525', '048000', '0356'),
(269, '140581', '046700', '0356'),
(270, '140601', '038500', '0349'),
(271, '140602', '038500', '0349'),
(272, '140603', '038500', '0349'),
(273, '140621', '038400', '0349'),
(274, '140622', '037600', '0349'),
(275, '140623', '037200', '0349'),
(276, '140624', '038300', '0349'),
(277, '140701', '030600', '0354'),
(278, '140702', '030600', '0354'),
(279, '140721', '031800', '0354'),
(280, '140722', '032600', '0354'),
(281, '140723', '032700', '0354'),
(282, '140724', '045300', '0354'),
(283, '140725', '031700', '0354'),
(284, '140726', '030800', '0354'),
(285, '140727', '030900', '0354'),
(286, '140728', '031100', '0354'),
(287, '140729', '031300', '0354'),
(288, '140781', '031200', '0354'),
(289, '140801', '044000', '0359'),
(290, '140802', '044000', '0359'),
(291, '140821', '044100', '0359'),
(292, '140822', '044200', '0359'),
(293, '140823', '043800', '0359'),
(294, '140824', '043200', '0359'),
(295, '140825', '043100', '0359'),
(296, '140826', '043600', '0359'),
(297, '140827', '043700', '0359'),
(298, '140828', '044400', '0359'),
(299, '140829', '044300', '0359'),
(300, '140830', '044600', '0359'),
(301, '140881', '044500', '0359'),
(302, '140882', '043300', '0359'),
(303, '140901', '034000', '0350'),
(304, '140902', '034000', '0350'),
(305, '140921', '035400', '0350'),
(306, '140922', '035500', '0350'),
(307, '140923', '034200', '0350'),
(308, '140924', '034300', '0350'),
(309, '140925', '036000', '0350'),
(310, '140926', '035100', '0350'),
(311, '140927', '036100', '0350'),
(312, '140928', '036200', '0350'),
(313, '140929', '036300', '0350'),
(314, '140930', '036500', '0350'),
(315, '140931', '036600', '0350'),
(316, '140932', '036400', '0350'),
(317, '140981', '034100', '0350'),
(318, '141001', '041000', '0350'),
(319, '141002', '041000', '0357'),
(320, '141021', '043400', '0357'),
(321, '141022', '043500', '0357'),
(322, '141023', '041500', '0357'),
(323, '141024', '031600', '0357'),
(324, '141025', '042400', '0357'),
(325, '141026', '042500', '0357'),
(326, '141027', '042600', '0357'),
(327, '141028', '042200', '0357'),
(328, '141029', '042100', '0357'),
(329, '141030', '042300', '0357'),
(330, '141031', '041300', '0357'),
(331, '141032', '041400', '0357'),
(332, '141033', '041200', '0357'),
(333, '141034', '031500', '0357'),
(334, '141081', '043000', '0357'),
(335, '141082', '031400', '0357'),
(336, '141101', '033000', '0358'),
(337, '141102', '033000', '0358'),
(338, '141121', '032100', '0358'),
(339, '141122', '030500', '0358'),
(340, '141123', '035300', '0358'),
(341, '141124', '033200', '0358'),
(342, '141125', '033300', '0358'),
(343, '141126', '032500', '0358'),
(344, '141127', '035200', '0358'),
(345, '141128', '033100', '0358'),
(346, '141129', '033400', '0358'),
(347, '141130', '032400', '0358'),
(348, '141181', '032300', '0358'),
(349, '141182', '032200', '0358'),
(350, '150101', '010000', '0471'),
(351, '150102', '010000', '0471'),
(352, '150103', '010000', '0471'),
(353, '150104', '010000', '0471'),
(354, '150105', '010000', '0471'),
(355, '150121', '010100', '0471'),
(356, '150122', '010200', '0471'),
(357, '150123', '011500', '0471'),
(358, '150124', '011600', '0471'),
(359, '150125', '011700', '0471'),
(360, '150201', '014000', '0472'),
(361, '150202', '014000', '0472'),
(362, '150203', '014000', '0472'),
(363, '150204', '014000', '0472'),
(364, '150205', '014000', '0472'),
(365, '150206', '014000', '0472'),
(366, '150207', '014000', '0472'),
(367, '150221', '014100', '0472'),
(368, '150222', '014200', '0472'),
(369, '150223', '014500', '0472'),
(370, '150301', '016000', '0473'),
(371, '150302', '016000', '0473'),
(372, '150303', '016000', '0473'),
(373, '150304', '016000', '0473'),
(374, '150401', '024000', '0476'),
(375, '150402', '024000', '0476'),
(376, '150403', '024000', '0476'),
(377, '150404', '024000', '0476'),
(378, '150421', '025500', '0476'),
(379, '150422', '025450', '0476'),
(380, '150423', '025150', '0476'),
(381, '150424', '025250', '0476'),
(382, '150425', '025350', '0476'),
(383, '150426', '024500', '0476'),
(384, '150428', '024400', '0476'),
(385, '150429', '024200', '0476'),
(386, '150430', '024300', '0476'),
(387, '150501', '028000', '0475'),
(388, '150502', '028000', '0475'),
(389, '150521', '029300', '0475'),
(390, '150522', '028100', '0475'),
(391, '150523', '028400', '0475'),
(392, '150524', '028200', '0475'),
(393, '150525', '028300', '0475'),
(394, '150526', '029100', '0475'),
(395, '150581', '029200', '0475'),
(396, '150602', '017000', '0477'),
(397, '150621', '017000', '0477'),
(398, '150622', '017100', '0477'),
(399, '150623', '016200', '0477'),
(400, '150624', '016100', '0477'),
(401, '150625', '017400', '0477'),
(402, '150626', '017300', '0477'),
(403, '150627', '017200', '0477'),
(404, '150701', '021000', '0470'),
(405, '150702', '021000', '0470'),
(406, '150721', '162750', '0470'),
(407, '150722', '162850', '0470'),
(408, '150723', '022450', '0470'),
(409, '150724', '021100', '0470'),
(410, '150725', '021500', '0470'),
(411, '150726', '021200', '0470'),
(412, '150727', '021300', '0470'),
(413, '150781', '021400', '0470'),
(414, '150782', '022150', '0470'),
(415, '150783', '162650', '0470'),
(416, '150784', '022250', '0470'),
(417, '150785', '022350', '0470'),
(418, '150801', '015000', '0478'),
(419, '150802', '015000', '0478'),
(420, '150821', '015100', '0478'),
(421, '150822', '015200', '0478'),
(422, '150823', '014400', '0478'),
(423, '150824', '015300', '0478'),
(424, '150825', '015500', '0478'),
(425, '150826', '015400', '0478'),
(426, '150901', '012000', '0474'),
(427, '150902', '012000', '0474'),
(428, '150921', '012300', '0474'),
(429, '150922', '013350', '0474'),
(430, '150923', '013400', '0474'),
(431, '150924', '013650', '0474'),
(432, '150925', '013750', '0474'),
(433, '150926', '012200', '0474'),
(434, '150927', '013500', '0474'),
(435, '150928', '012400', '0474'),
(436, '150929', '011800', '0474'),
(437, '150981', '012100', '0474'),
(438, '152201', '137400', '0482'),
(439, '152202', '137400', '0482'),
(440, '152221', '137400', '0482'),
(441, '152222', '029400', '0482'),
(442, '152223', '137600', '0482'),
(443, '152224', '137500', '0482'),
(444, '152501', '012600', '0479'),
(445, '152502', '026000', '0479'),
(446, '152522', '011400', '0479'),
(447, '152523', '011300', '0479'),
(448, '152524', '011200', '0479'),
(449, '152525', '026300', '0479'),
(450, '152526', '026200', '0479'),
(451, '152527', '027000', '0479'),
(452, '152528', '013250', '0479'),
(453, '152529', '013800', '0479'),
(454, '152530', '027200', '0479'),
(455, '152531', '027300', '0479'),
(456, '152921', '750300', '0483'),
(457, '152922', '737300', '0483'),
(458, '152923', '735400', '0483'),
(459, '210101', '110000', '024'),
(460, '210102', '110000', '024'),
(461, '210103', '110000', '024'),
(462, '210104', '110000', '024'),
(463, '210105', '110000', '024'),
(464, '210106', '110020', '024'),
(465, '210111', '110100', '024'),
(466, '210112', '110000', '024'),
(467, '210113', '110000', '024'),
(468, '210114', '110000', '024'),
(469, '210122', '110200', '024'),
(470, '210123', '110500', '024'),
(471, '210124', '110400', '024'),
(472, '210181', '110300', '024'),
(473, '210201', '116000', '0411'),
(474, '210202', '116000', '0411'),
(475, '210203', '116000', '0411'),
(476, '210204', '116000', '0411'),
(477, '210211', '116000', '0411'),
(478, '210212', '116000', '0411'),
(479, '210213', '116000', '0411'),
(480, '210224', '116500', '0411'),
(481, '210281', '116300', '0411'),
(482, '210282', '116200', '0411'),
(483, '210283', '116400', '0411'),
(484, '210301', '114000', '0412'),
(485, '210302', '114000', '0412'),
(486, '210303', '114000', '0412'),
(487, '210304', '114000', '0412'),
(488, '210311', '114000', '0412'),
(489, '210321', '114100', '0412'),
(490, '210323', '118400', '0412'),
(491, '210381', '114200', '0412'),
(492, '210401', '113000', '0413'),
(493, '210402', '113000', '0413'),
(494, '210403', '113000', '0413'),
(495, '210404', '113000', '0413'),
(496, '210411', '113000', '0413'),
(497, '210421', '113100', '0413'),
(498, '210422', '113200', '0413'),
(499, '210423', '113300', '0413'),
(500, '210501', '117000', '0414'),
(501, '210502', '117000', '0414'),
(502, '210503', '117000', '0414'),
(503, '210504', '117000', '0414'),
(504, '210505', '117000', '0414'),
(505, '210521', '117100', '0414'),
(506, '210522', '117200', '0414'),
(507, '210601', '118000', '0415'),
(508, '210602', '118000', '0415'),
(509, '210603', '118000', '0415'),
(510, '210604', '118000', '0415'),
(511, '210624', '118200', '0415'),
(512, '210681', '118300', '0415'),
(513, '210682', '118100', '0415'),
(514, '210701', '121000', '0416'),
(515, '210702', '121000', '0416'),
(516, '210703', '121000', '0416'),
(517, '210711', '121000', '0416'),
(518, '210726', '121400', '0416'),
(519, '210727', '121100', '0416'),
(520, '210781', '121200', '0416'),
(521, '210782', '121300', '0416'),
(522, '210801', '115000', '0417'),
(523, '210802', '115000', '0417'),
(524, '210803', '115000', '0417'),
(525, '210804', '115000', '0417'),
(526, '210811', '115000', '0417'),
(527, '210881', '115200', '0417'),
(528, '210882', '115100', '0417'),
(529, '210901', '123000', '0418'),
(530, '210902', '123000', '0418'),
(531, '210903', '123000', '0418'),
(532, '210904', '123000', '0418'),
(533, '210905', '123000', '0418'),
(534, '210911', '123000', '0418'),
(535, '210921', '123100', '0418'),
(536, '210922', '123200', '0418'),
(537, '211001', '111000', '0419'),
(538, '211002', '111000', '0419'),
(539, '211003', '111000', '0419'),
(540, '211004', '111000', '0419'),
(541, '211005', '111000', '0419'),
(542, '211011', '111000', '0419'),
(543, '211021', '111200', '0419'),
(544, '211081', '111300', '0419'),
(545, '211101', '124000', '0427'),
(546, '211102', '124000', '0427'),
(547, '211103', '124000', '0427'),
(548, '211121', '124200', '0427'),
(549, '211122', '124100', '0427'),
(550, '211201', '112000', '0410'),
(551, '211202', '112000', '0410'),
(552, '211204', '112000', '0410'),
(553, '211221', '112600', '0410'),
(554, '211223', '112400', '0410'),
(555, '211224', '112500', '0410'),
(556, '211281', '112700', '0410'),
(557, '211282', '112300', '0410'),
(558, '211301', '122000', '0421'),
(559, '211302', '122000', '0421'),
(560, '211303', '122000', '0421'),
(561, '211321', '122000', '0421'),
(562, '211322', '122400', '0421'),
(563, '211324', '122300', '0421'),
(564, '211381', '122100', '0421'),
(565, '211382', '122500', '0421'),
(566, '211401', '125000', '0429'),
(567, '211402', '125000', '0429'),
(568, '211403', '125000', '0429'),
(569, '211404', '125000', '0429'),
(570, '211421', '125200', '0429'),
(571, '211422', '125300', '0429'),
(572, '211481', '125100', '0429'),
(573, '220101', '130000', '0431'),
(574, '220102', '130000', '0431'),
(575, '220103', '130000', '0431'),
(576, '220104', '130000', '0431'),
(577, '220105', '130000', '0431'),
(578, '220106', '130000', '0431'),
(579, '220112', '130600', '0431'),
(580, '220122', '130200', '0431'),
(581, '220181', '130500', '0431'),
(582, '220182', '130400', '0431'),
(583, '220183', '130300', '0431'),
(584, '220201', '132000', '0432'),
(585, '220202', '132000', '0432'),
(586, '220203', '132000', '0432'),
(587, '220204', '132000', '0432'),
(588, '220211', '132000', '0432'),
(589, '220221', '132100', '0432'),
(590, '220281', '132500', '0432'),
(591, '220282', '132400', '0432'),
(592, '220283', '132600', '0432'),
(593, '220284', '132300', '0432'),
(594, '220301', '136000', '0434'),
(595, '220302', '136000', '0434'),
(596, '220303', '136000', '0434'),
(597, '220322', '136500', '0434'),
(598, '220323', '130700', '0434'),
(599, '220381', '136100', '0434'),
(600, '220382', '136400', '0434'),
(601, '220401', '136200', '0437'),
(602, '220402', '136200', '0437'),
(603, '220403', '136200', '0437'),
(604, '220421', '136300', '0437'),
(605, '220422', '136600', '0437'),
(606, '220501', '134000', '0435'),
(607, '220502', '134000', '0435'),
(608, '220503', '134000', '0435'),
(609, '220521', '134100', '0435'),
(610, '220523', '135100', '0448'),
(611, '220524', '135300', '0448'),
(612, '220581', '135000', '0448'),
(613, '220582', '134200', '0435'),
(614, '220601', '134300', '0439'),
(615, '220602', '134300', '0439'),
(616, '220621', '134500', '0439'),
(617, '220622', '135200', '0439'),
(618, '220623', '134400', '0439'),
(619, '220625', '134700', '0439'),
(620, '220681', '134600', '0439'),
(621, '220701', '138000', '0438'),
(622, '220702', '138000', '0438'),
(623, '220721', '131100', '0438'),
(624, '220722', '131500', '0438'),
(625, '220723', '131400', '0438'),
(626, '220724', '131200', '0438'),
(627, '220801', '137000', '0436'),
(628, '220802', '137000', '0436'),
(629, '220821', '137300', '0436'),
(630, '220822', '137200', '0436'),
(631, '220881', '137100', '0436'),
(632, '220882', '131300', '0436'),
(633, '222401', '133000', '0043'),
(634, '222402', '133100', '0043'),
(635, '222403', '133700', '0043'),
(636, '222404', '133300', '0043'),
(637, '222405', '133400', '0043'),
(638, '222406', '133500', '0043'),
(639, '222424', '133200', '0043'),
(640, '222426', '133600', '0043'),
(641, '230101', '150000', '0451'),
(642, '230102', '150000', '0451'),
(643, '230103', '150000', '0451'),
(644, '230104', '150000', '0451'),
(645, '230106', '150000', '0451'),
(646, '230107', '150000', '0451'),
(647, '230108', '150000', '0451'),
(648, '230109', '150000', '0451'),
(649, '230111', '150500', '0451'),
(650, '230123', '154800', '0451'),
(651, '230124', '150800', '0451'),
(652, '230125', '150400', '0451'),
(653, '230126', '151800', '0451'),
(654, '230127', '151900', '0451'),
(655, '230128', '150900', '0451'),
(656, '230129', '150700', '0451'),
(657, '230181', '150300', '0451'),
(658, '230182', '150100', '0451'),
(659, '230183', '150600', '0451'),
(660, '230184', '150200', '0451'),
(661, '230201', '161000', '0452'),
(662, '230202', '161000', '0452'),
(663, '230203', '161000', '0452'),
(664, '230204', '161000', '0452'),
(665, '230205', '161000', '0452'),
(666, '230206', '161000', '0452'),
(667, '230207', '161000', '0452'),
(668, '230208', '161000', '0452'),
(669, '230221', '161100', '0452'),
(670, '230223', '161500', '0452'),
(671, '230224', '162400', '0452'),
(672, '230225', '162100', '0452'),
(673, '230227', '161200', '0452'),
(674, '230229', '161600', '0452'),
(675, '230230', '164800', '0452'),
(676, '230231', '164700', '0452'),
(677, '230281', '161300', '0452'),
(678, '230301', '158100', '0467'),
(679, '230302', '158100', '0467'),
(680, '230303', '158100', '0467'),
(681, '230304', '158100', '0467'),
(682, '230305', '158100', '0467'),
(683, '230306', '158100', '0467'),
(684, '230307', '158100', '0467'),
(685, '230321', '158200', '0467'),
(686, '230381', '158400', '0467'),
(687, '230382', '158300', '0467'),
(688, '230401', '154000', '0454'),
(689, '230402', '154000', '0468'),
(690, '230403', '154100', '0468'),
(691, '230404', '154100', '0468'),
(692, '230405', '154100', '0468'),
(693, '230406', '154100', '0468'),
(694, '230407', '154100', '0468'),
(695, '230421', '154200', '0468'),
(696, '230422', '156200', '0468'),
(697, '230501', '155100', '0469'),
(698, '230502', '155100', '0469'),
(699, '230503', '155100', '0469'),
(700, '230505', '155100', '0469'),
(701, '230506', '155100', '0469'),
(702, '230521', '155900', '0469'),
(703, '230522', '155800', '0469'),
(704, '230523', '155600', '0469'),
(705, '230524', '155700', '0469'),
(706, '230601', '163000', '0459'),
(707, '230602', '163000', '0459'),
(708, '230603', '163000', '0459'),
(709, '230604', '163000', '0459'),
(710, '230605', '163000', '0459'),
(711, '230606', '163000', '0459'),
(712, '230621', '166400', '0459'),
(713, '230622', '166500', '0459'),
(714, '230623', '166300', '0459'),
(715, '230624', '166200', '0459'),
(716, '230701', '153000', '0458'),
(717, '230702', '153000', '0458'),
(718, '230703', '153000', '0458'),
(719, '230704', '153000', '0458'),
(720, '230705', '153000', '0458'),
(721, '230706', '153000', '0458'),
(722, '230707', '153000', '0458'),
(723, '230708', '153000', '0458'),
(724, '230709', '153000', '0458'),
(725, '230710', '153000', '0458'),
(726, '230711', '153000', '0458'),
(727, '230712', '153000', '0458'),
(728, '230713', '153000', '0458'),
(729, '230714', '153000', '0458'),
(730, '230715', '153000', '0458'),
(731, '230716', '153000', '0458'),
(732, '230722', '153200', '0458'),
(733, '230781', '152500', '0458'),
(734, '230801', '154000', '0454'),
(735, '230802', '154000', '0454'),
(736, '230803', '154000', '0454'),
(737, '230804', '154000', '0454'),
(738, '230805', '154000', '0454'),
(739, '230811', '154000', '0454'),
(740, '230822', '154400', '0454'),
(741, '230826', '154300', '0454'),
(742, '230828', '154700', '0454'),
(743, '230833', '156500', '0454'),
(744, '230881', '156400', '0454'),
(745, '230882', '156100', '0454'),
(746, '230901', '154600', '0464'),
(747, '230902', '154600', '0464'),
(748, '230903', '154600', '0464'),
(749, '230904', '154600', '0464'),
(750, '230921', '154500', '0464'),
(751, '231001', '157000', '0453'),
(752, '231002', '157000', '0453'),
(753, '231003', '157000', '0453'),
(754, '231004', '157000', '0453'),
(755, '231005', '157000', '0453'),
(756, '231024', '157200', '0453'),
(757, '231025', '157600', '0453'),
(758, '231081', '157300', '0453'),
(759, '231083', '157100', '0453'),
(760, '231084', '157400', '0453'),
(761, '231085', '157500', '0453'),
(762, '231101', '164300', '0456'),
(763, '231102', '164300', '0456'),
(764, '231121', '161400', '0456'),
(765, '231123', '164400', '0456'),
(766, '231124', '164200', '0456'),
(767, '231181', '164000', '0456'),
(768, '231182', '164100', '0456'),
(769, '231201', '152000', '0455'),
(770, '231202', '152000', '0455'),
(771, '231221', '152100', '0455'),
(772, '231222', '151500', '0455'),
(773, '231223', '151600', '0455'),
(774, '231224', '152400', '0455'),
(775, '231225', '151700', '0455'),
(776, '231226', '152200', '0455'),
(777, '231281', '151400', '0455'),
(778, '231282', '151100', '0455'),
(779, '231283', '152300', '0455'),
(780, '232721', '165100', '0457'),
(781, '232722', '165200', '0457'),
(782, '232723', '165300', '0457'),
(783, '310101', '200000', '021'),
(784, '310103', '200000', '021'),
(785, '310104', '200000', '021'),
(786, '310105', '200000', '021'),
(787, '310106', '200000', '021'),
(788, '310107', '200000', '021'),
(789, '310108', '200000', '021'),
(790, '310109', '200000', '021'),
(791, '310110', '200000', '021'),
(792, '310112', '201100', '021'),
(793, '310113', '201900', '021'),
(794, '310114', '201800', '021'),
(795, '310115', '200120', '021'),
(796, '310116', '201500', '021'),
(797, '310117', '201600', '021'),
(798, '310118', '201700', '021'),
(799, '310119', '201300', '021'),
(800, '310120', '201400', '021'),
(801, '310230', '202150', '021'),
(802, '320101', '210000', '025'),
(803, '320102', '210000', '025'),
(804, '320103', '210000', '025'),
(805, '320104', '210000', '025'),
(806, '320105', '210000', '025'),
(807, '320106', '210000', '025'),
(808, '320107', '210000', '025'),
(809, '320111', '210000', '025'),
(810, '320113', '210000', '025'),
(811, '320114', '210000', '025'),
(812, '320115', '211100', '025'),
(813, '320116', '211500', '025'),
(814, '320124', '211200', '025'),
(815, '320125', '211300', '025'),
(816, '320201', '214000', '0510'),
(817, '320202', '214000', '0510'),
(818, '320203', '214000', '0510'),
(819, '320204', '214000', '0510'),
(820, '320205', '214000', '0510'),
(821, '320206', '214000', '0510'),
(822, '320211', '214000', '0510'),
(823, '320281', '214400', '0510'),
(824, '320282', '214200', '0510'),
(825, '320301', '221000', '0516'),
(826, '320302', '221000', '0516'),
(827, '320303', '221000', '0516'),
(828, '320304', '221000', '0516'),
(829, '320305', '221000', '0516'),
(830, '320311', '221000', '0516'),
(831, '320321', '221700', '0516'),
(832, '320322', '221600', '0516'),
(833, '320323', '221100', '0516'),
(834, '320324', '221200', '0516'),
(835, '320381', '221400', '0516'),
(836, '320382', '221300', '0516'),
(837, '320401', '213000', '0519'),
(838, '320402', '213000', '0519'),
(839, '320404', '213000', '0519'),
(840, '320405', '213000', '0519'),
(841, '320411', '213000', '0519'),
(842, '320412', '213100', '0519'),
(843, '320481', '213300', '0519'),
(844, '320482', '213200', '0519'),
(845, '320501', '215000', '0512'),
(846, '320502', '215000', '0512'),
(847, '320503', '215000', '0512'),
(848, '320504', '215000', '0512'),
(849, '320505', '215000', '0512'),
(850, '320506', '215100', '0512'),
(851, '320507', '215100', '0512'),
(852, '320581', '215500', '0512'),
(853, '320582', '215600', '0512'),
(854, '320583', '215300', '0512'),
(855, '320584', '215200', '0512'),
(856, '320585', '215400', '0512'),
(857, '320601', '226000', '0513'),
(858, '320602', '226000', '0513'),
(859, '320611', '226000', '0513'),
(860, '320621', '226600', '0513'),
(861, '320623', '226400', '0513'),
(862, '320681', '226200', '0513'),
(863, '320682', '226500', '0513'),
(864, '320683', '226300', '0513'),
(865, '320684', '226100', '0513'),
(866, '320701', '222000', '0518'),
(867, '320703', '222000', '0518'),
(868, '320705', '222000', '0518'),
(869, '320706', '222000', '0518'),
(870, '320721', '222100', '0518'),
(871, '320722', '222300', '0518'),
(872, '320723', '222200', '0518'),
(873, '320724', '223500', '0518'),
(874, '320801', '223000', '0517'),
(875, '320802', '223001', '0517'),
(876, '320803', '223200', '0517'),
(877, '320804', '223300', '0517'),
(878, '320811', '223001', '0517'),
(879, '320826', '223400', '0517'),
(880, '320829', '223100', '0517'),
(881, '320830', '211700', '0517'),
(882, '320831', '211600', '0517'),
(883, '320901', '224000', '0515'),
(884, '320902', '224000', '0515'),
(885, '320903', '224000', '0515'),
(886, '320921', '224600', '0515'),
(887, '320922', '224000', '0515'),
(888, '320923', '224400', '0515'),
(889, '320924', '224300', '0515'),
(890, '320925', '224700', '0515'),
(891, '320981', '224200', '0515'),
(892, '320982', '224100', '0515'),
(893, '321001', '225000', '0514'),
(894, '321002', '225000', '0514'),
(895, '321003', '225100', '0514'),
(896, '321011', '225200', '0514'),
(897, '321023', '225800', '0514'),
(898, '321081', '211400', '0514'),
(899, '321084', '225600', '0514'),
(900, '321088', '225200', '0514'),
(901, '321101', '212000', '0511'),
(902, '321102', '212000', '0511'),
(903, '321111', '212000', '0511'),
(904, '321112', '212100', '0511'),
(905, '321181', '212300', '0511'),
(906, '321182', '212200', '0511'),
(907, '321183', '212400', '0511'),
(908, '321201', '225300', '0523'),
(909, '321202', '225300', '0523'),
(910, '321203', '225300', '0523'),
(911, '321281', '225700', '0523'),
(912, '321282', '214500', '0523'),
(913, '321283', '225400', '0523'),
(914, '321284', '225500', '0523'),
(915, '321301', '223800', '0527'),
(916, '321302', '223800', '0527'),
(917, '321311', '223800', '0527'),
(918, '321322', '223600', '0527'),
(919, '321323', '223700', '0527'),
(920, '321324', '223900', '0527'),
(921, '330101', '310000', '0571'),
(922, '330102', '310000', '0571'),
(923, '330103', '310000', '0571'),
(924, '330104', '310000', '0571'),
(925, '330105', '310000', '0571'),
(926, '330106', '310000', '0571'),
(927, '330108', '310000', '0571'),
(928, '330109', '311200', '0571'),
(929, '330110', '311100', '0571'),
(930, '330122', '311500', '0571'),
(931, '330127', '311700', '0571'),
(932, '330182', '311600', '0571'),
(933, '330183', '311400', '0571'),
(934, '330185', '311300', '0571'),
(935, '330201', '315000', '0574'),
(936, '330203', '315000', '0574'),
(937, '330204', '315000', '0574'),
(938, '330205', '315000', '0574'),
(939, '330206', '315800', '0574'),
(940, '330211', '315200', '0574'),
(941, '330212', '315100', '0574'),
(942, '330225', '315700', '0574'),
(943, '330226', '315600', '0574'),
(944, '330281', '315400', '0574'),
(945, '330282', '315300', '0574'),
(946, '330283', '315500', '0574'),
(947, '330301', '325000', '0577'),
(948, '330302', '325000', '0577'),
(949, '330303', '325000', '0577'),
(950, '330304', '325000', '0577'),
(951, '330322', '325700', '0577'),
(952, '330324', '325100', '0577'),
(953, '330326', '325400', '0577'),
(954, '330327', '325800', '0577'),
(955, '330328', '325300', '0577'),
(956, '330329', '325500', '0577'),
(957, '330381', '325200', '0577'),
(958, '330382', '325600', '0577'),
(959, '330401', '314000', '0573'),
(960, '330402', '314000', '0573'),
(961, '330411', '314000', '0573'),
(962, '330421', '314100', '0573'),
(963, '330424', '314300', '0573'),
(964, '330481', '314400', '0573'),
(965, '330482', '314200', '0573'),
(966, '330483', '314500', '0573'),
(967, '330501', '313000', '0572'),
(968, '330502', '313000', '0572'),
(969, '330503', '313000', '0572'),
(970, '330521', '313200', '0572'),
(971, '330522', '313100', '0572'),
(972, '330523', '313300', '0572'),
(973, '330601', '312000', '0575'),
(974, '330602', '312000', '0575'),
(975, '330621', '312000', '0575'),
(976, '330624', '312500', '0575'),
(977, '330681', '311800', '0575'),
(978, '330682', '312300', '0575'),
(979, '330683', '312400', '0575'),
(980, '330701', '321000', '0579'),
(981, '330702', '321000', '0579'),
(982, '330703', '321000', '0579'),
(983, '330723', '321200', '0579'),
(984, '330726', '322200', '0579'),
(985, '330727', '322300', '0579'),
(986, '330781', '321100', '0579'),
(987, '330782', '322000', '0579'),
(988, '330783', '322100', '0579'),
(989, '330784', '321300', '0579'),
(990, '330801', '324000', '0570'),
(991, '330802', '324000', '0570'),
(992, '330803', '324000', '0570'),
(993, '330822', '324200', '0570'),
(994, '330824', '324300', '0570'),
(995, '330825', '324400', '0570'),
(996, '330881', '324100', '0570'),
(997, '330901', '316000', '0580'),
(998, '330902', '316000', '0580'),
(999, '330903', '316100', '0580'),
(1000, '330921', '316200', '0580'),
(1001, '330922', '202450', '0580'),
(1002, '331001', '317000', '0576'),
(1003, '331002', '317700', '0576'),
(1004, '331003', '318020', '0576'),
(1005, '331004', '318000', '0576'),
(1006, '331021', '317600', '0576'),
(1007, '331022', '317100', '0576'),
(1008, '331023', '317200', '0576'),
(1009, '331024', '317300', '0576'),
(1010, '331081', '317500', '0576'),
(1011, '331082', '317000', '0576'),
(1012, '331101', '323000', '0578'),
(1013, '331102', '323000', '0578'),
(1014, '331121', '323900', '0578'),
(1015, '331122', '321400', '0578'),
(1016, '331123', '323300', '0578'),
(1017, '331124', '323400', '0578'),
(1018, '331125', '323600', '0578'),
(1019, '331126', '323800', '0578'),
(1020, '331127', '323500', '0578'),
(1021, '331181', '323700', '0578'),
(1022, '340101', '230000', '0551'),
(1023, '340102', '230000', '0551'),
(1024, '340103', '230000', '0551'),
(1025, '340104', '230000', '0551'),
(1026, '340111', '230000', '0551'),
(1027, '340121', '231100', '0551'),
(1028, '340122', '230000', '0551'),
(1029, '340123', '231200', '0551'),
(1030, '340201', '241000', '0553'),
(1031, '340202', '241000', '0553'),
(1032, '340203', '241000', '0553'),
(1033, '340204', '241000', '0553'),
(1034, '340207', '241000', '0553'),
(1035, '340221', '241100', '0553'),
(1036, '340222', '241200', '0553'),
(1037, '340223', '242400', '0553'),
(1038, '340301', '233000', '0552'),
(1039, '340302', '233000', '0552'),
(1040, '340303', '233000', '0552'),
(1041, '340304', '233000', '0552'),
(1042, '340311', '233000', '0552'),
(1043, '340321', '233400', '0552'),
(1044, '340322', '233300', '0552'),
(1045, '340323', '233700', '0552'),
(1046, '340401', '232000', '0554'),
(1047, '340402', '232000', '0554'),
(1048, '340403', '232000', '0554'),
(1049, '340404', '232000', '0554'),
(1050, '340405', '232000', '0554'),
(1051, '340406', '232000', '0554'),
(1052, '340421', '232100', '0554'),
(1053, '340501', '243000', '0555'),
(1054, '340502', '243000', '0555'),
(1055, '340503', '243000', '0555'),
(1056, '340504', '243000', '0555'),
(1057, '340521', '243100', '0555'),
(1058, '340601', '235000', '0561'),
(1059, '340602', '235000', '0561'),
(1060, '340603', '235000', '0561'),
(1061, '340604', '235000', '0561'),
(1062, '340621', '235100', '0561'),
(1063, '340701', '244000', '0562'),
(1064, '340702', '244000', '0562'),
(1065, '340703', '244000', '0562'),
(1066, '340711', '244000', '0562'),
(1067, '340721', '244100', '0562'),
(1068, '340801', '246000', '0556'),
(1069, '340802', '246000', '0556'),
(1070, '340803', '246000', '0556'),
(1071, '340811', '246000', '0556'),
(1072, '340822', '246100', '0556'),
(1073, '340823', '246700', '0556'),
(1074, '340824', '246300', '0556'),
(1075, '340825', '246400', '0556'),
(1076, '340826', '246500', '0556'),
(1077, '340827', '246200', '0556'),
(1078, '340828', '246600', '0556'),
(1079, '340881', '231400', '0556'),
(1080, '341001', '245000', '0559'),
(1081, '341002', '245000', '0559'),
(1082, '341003', '245000', '0559'),
(1083, '341004', '245000', '0559'),
(1084, '341021', '245200', '0559'),
(1085, '341022', '245400', '0559'),
(1086, '341023', '245500', '0559'),
(1087, '341024', '245600', '0559'),
(1088, '341101', '239000', '0550'),
(1089, '341102', '239000', '0550'),
(1090, '341103', '239000', '0550'),
(1091, '341122', '239200', '0550'),
(1092, '341124', '239500', '0550'),
(1093, '341125', '233200', '0550'),
(1094, '341126', '233100', '0550'),
(1095, '341181', '239300', '0550'),
(1096, '341182', '239400', '0550'),
(1097, '341201', '236000', '0558'),
(1098, '341202', '236000', '0558'),
(1099, '341203', '236000', '0558'),
(1100, '341204', '236000', '0558'),
(1101, '341221', '236400', '0558'),
(1102, '341222', '236600', '0558'),
(1103, '341225', '236300', '0558'),
(1104, '341226', '236200', '0558'),
(1105, '341282', '236500', '0558'),
(1106, '341301', '234000', '0557'),
(1107, '341302', '234000', '0557'),
(1108, '341321', '235300', '0557'),
(1109, '341322', '235200', '0557'),
(1110, '341323', '234200', '0557'),
(1111, '341324', '234300', '0557'),
(1112, '341401', '238000', '0565'),
(1113, '341402', '238000', '0565'),
(1114, '341421', '231500', '0565'),
(1115, '341422', '238300', '0565'),
(1116, '341423', '238100', '0565'),
(1117, '341424', '238200', '0565'),
(1118, '341501', '237000', '0564'),
(1119, '341502', '237000', '0564'),
(1120, '341503', '237000', '0564'),
(1121, '341521', '232200', '0564'),
(1122, '341522', '237400', '0564'),
(1123, '341523', '231300', '0564'),
(1124, '341524', '237300', '0564'),
(1125, '341525', '237200', '0564'),
(1126, '341601', '236000', '0558'),
(1127, '341602', '236800', '0558'),
(1128, '341621', '233600', '0558'),
(1129, '341622', '233500', '0558'),
(1130, '341623', '236700', '0558'),
(1131, '341701', '247100', '0566'),
(1132, '341702', '247100', '0566'),
(1133, '341721', '247200', '0566'),
(1134, '341722', '245100', '0566'),
(1135, '341723', '242800', '0566'),
(1136, '341801', '242000', '0563'),
(1137, '341802', '242000', '0563'),
(1138, '341821', '242100', '0563'),
(1139, '341822', '242200', '0563'),
(1140, '341823', '242500', '0563'),
(1141, '341824', '245300', '0563'),
(1142, '341825', '242600', '0563'),
(1143, '341881', '242300', '0563'),
(1144, '350101', '350000', '0591'),
(1145, '350102', '350000', '0591'),
(1146, '350103', '350000', '0591'),
(1147, '350104', '350000', '0591'),
(1148, '350105', '350000', '0591'),
(1149, '350111', '350000', '0591'),
(1150, '350121', '350100', '0591'),
(1151, '350122', '350500', '0591'),
(1152, '350123', '350600', '0591'),
(1153, '350124', '350800', '0591'),
(1154, '350125', '350700', '0591'),
(1155, '350128', '350400', '0591'),
(1156, '350181', '350300', '0591'),
(1157, '350182', '350200', '0591'),
(1158, '350201', '361000', '0592'),
(1159, '350203', '361000', '0592'),
(1160, '350205', '361000', '0592'),
(1161, '350206', '361000', '0592'),
(1162, '350211', '361000', '0592'),
(1163, '350212', '361100', '0592'),
(1164, '350213', '361100', '0592'),
(1165, '350301', '351100', '0594'),
(1166, '350302', '351100', '0594'),
(1167, '350303', '351100', '0594'),
(1168, '350304', '351100', '0594'),
(1169, '350305', '351100', '0594'),
(1170, '350322', '351200', '0594'),
(1171, '350401', '365000', '0598'),
(1172, '350402', '365000', '0598'),
(1173, '350403', '365000', '0598'),
(1174, '350421', '365300', '0598'),
(1175, '350423', '365300', '0598'),
(1176, '350424', '365400', '0598'),
(1177, '350425', '366100', '0598'),
(1178, '350426', '365100', '0598'),
(1179, '350427', '365500', '0598'),
(1180, '350428', '353300', '0598'),
(1181, '350429', '354400', '0598'),
(1182, '350430', '354500', '0598'),
(1183, '350481', '366000', '0598'),
(1184, '350501', '362000', '0595'),
(1185, '350502', '362000', '0595'),
(1186, '350503', '362000', '0595'),
(1187, '350504', '362000', '0595'),
(1188, '350505', '362100', '0595'),
(1189, '350521', '362100', '0595'),
(1190, '350524', '362400', '0595'),
(1191, '350525', '362600', '0595'),
(1192, '350526', '362500', '0595'),
(1193, '350527', '362000', '0595'),
(1194, '350581', '362700', '0595'),
(1195, '350582', '362200', '0595'),
(1196, '350583', '362300', '0595'),
(1197, '350601', '363000', '0596'),
(1198, '350602', '363000', '0596'),
(1199, '350603', '363000', '0596'),
(1200, '350622', '363300', '0596'),
(1201, '350623', '363200', '0596'),
(1202, '350624', '363500', '0596'),
(1203, '350625', '363900', '0596'),
(1204, '350626', '363400', '0596'),
(1205, '350627', '363600', '0596'),
(1206, '350628', '363700', '0596'),
(1207, '350629', '363800', '0596'),
(1208, '350681', '363100', '0596'),
(1209, '350701', '353000', '0599'),
(1210, '350702', '353000', '0599'),
(1211, '350721', '353200', '0599'),
(1212, '350722', '353400', '0599'),
(1213, '350723', '354100', '0599'),
(1214, '350724', '353500', '0599'),
(1215, '350725', '353600', '0599'),
(1216, '350781', '354000', '0599'),
(1217, '350782', '354300', '0599'),
(1218, '350783', '353100', '0599'),
(1219, '350784', '354200', '0599'),
(1220, '350801', '364000', '0597'),
(1221, '350802', '364000', '0597'),
(1222, '350821', '366300', '0597'),
(1223, '350822', '364100', '0597'),
(1224, '350823', '364200', '0597'),
(1225, '350824', '364300', '0597'),
(1226, '350825', '366200', '0597'),
(1227, '350881', '364400', '0597'),
(1228, '350901', '352000', '0595'),
(1229, '350902', '352000', '0593'),
(1230, '350921', '355100', '0593'),
(1231, '350922', '352200', '0593'),
(1232, '350923', '352300', '0593'),
(1233, '350924', '355500', '0593'),
(1234, '350925', '355400', '0593'),
(1235, '350926', '355300', '0593'),
(1236, '350981', '355000', '0593'),
(1237, '350982', '355200', '0593'),
(1238, '360101', '330000', '0791'),
(1239, '360102', '330000', '0791'),
(1240, '360103', '330000', '0791'),
(1241, '360104', '330000', '0791'),
(1242, '360105', '330000', '0791'),
(1243, '360111', '330000', '0791'),
(1244, '360121', '330200', '0791'),
(1245, '360122', '330100', '0791'),
(1246, '360123', '330500', '0791'),
(1247, '360124', '331700', '0791'),
(1248, '360201', '333000', '0798'),
(1249, '360202', '333000', '0798'),
(1250, '360203', '333000', '0798'),
(1251, '360222', '333400', '0798'),
(1252, '360281', '333300', '0798'),
(1253, '360301', '337000', '0799'),
(1254, '360302', '337000', '0799'),
(1255, '360313', '337000', '0799'),
(1256, '360321', '337100', '0799'),
(1257, '360322', '337000', '0799'),
(1258, '360323', '337000', '0799'),
(1259, '360401', '332000', '0792'),
(1260, '360402', '332900', '0792'),
(1261, '360403', '332000', '0792'),
(1262, '360421', '332100', '0792'),
(1263, '360423', '332300', '0792'),
(1264, '360424', '332400', '0792'),
(1265, '360425', '330300', '0792'),
(1266, '360426', '330400', '0792'),
(1267, '360427', '332800', '0792'),
(1268, '360428', '332600', '0792'),
(1269, '360429', '332500', '0792'),
(1270, '360430', '332700', '0792'),
(1271, '360481', '332200', '0792'),
(1272, '360501', '336500', '0790'),
(1273, '360502', '336500', '0790'),
(1274, '360521', '336600', '0790'),
(1275, '360601', '335000', '0701'),
(1276, '360602', '335000', '0701'),
(1277, '360622', '335200', '0701'),
(1278, '360681', '335400', '0701'),
(1279, '360701', '341000', '0797'),
(1280, '360702', '341000', '0797'),
(1281, '360721', '341100', '0797'),
(1282, '360722', '341600', '0797'),
(1283, '360723', '341500', '0797'),
(1284, '360724', '341200', '0797'),
(1285, '360725', '341300', '0797'),
(1286, '360726', '342100', '0797'),
(1287, '360727', '341700', '0797'),
(1288, '360728', '341900', '0797'),
(1289, '360729', '341800', '0797'),
(1290, '360730', '342800', '0797'),
(1291, '360731', '342300', '0797'),
(1292, '360732', '342400', '0797'),
(1293, '360733', '342600', '0797'),
(1294, '360734', '342200', '0797'),
(1295, '360735', '342700', '0797'),
(1296, '360781', '342500', '0797'),
(1297, '360782', '341400', '0797'),
(1298, '360801', '343000', '0796'),
(1299, '360802', '343000', '0796'),
(1300, '360803', '343000', '0796'),
(1301, '360821', '343100', '0796'),
(1302, '360822', '331600', '0796'),
(1303, '360823', '331400', '0796'),
(1304, '360824', '331300', '0796'),
(1305, '360825', '331500', '0796'),
(1306, '360826', '343700', '0796'),
(1307, '360827', '343900', '0796'),
(1308, '360828', '343800', '0796'),
(1309, '360829', '343200', '0796'),
(1310, '360830', '343400', '0796'),
(1311, '360881', '343600', '0796'),
(1312, '360901', '336000', '0795'),
(1313, '360902', '336000', '0795'),
(1314, '360921', '330700', '0795'),
(1315, '360922', '336100', '0795'),
(1316, '360923', '336400', '0795'),
(1317, '360924', '336300', '0795'),
(1318, '360925', '330600', '0795'),
(1319, '360926', '336200', '0795'),
(1320, '360981', '331100', '0795'),
(1321, '360982', '331200', '0795'),
(1322, '360983', '330800', '0795'),
(1323, '361001', '344000', '0794'),
(1324, '361002', '344100', '0794'),
(1325, '361021', '344700', '0794'),
(1326, '361022', '344600', '0794'),
(1327, '361023', '344500', '0794'),
(1328, '361024', '344200', '0794'),
(1329, '361025', '344300', '0794'),
(1330, '361026', '344400', '0794'),
(1331, '361027', '344800', '0794'),
(1332, '361028', '335300', '0794'),
(1333, '361029', '331800', '0794'),
(1334, '361030', '344900', '0794'),
(1335, '361101', '334000', '0793'),
(1336, '361102', '334000', '0793'),
(1337, '361121', '334100', '0793'),
(1338, '361122', '334600', '0793'),
(1339, '361123', '334700', '0793'),
(1340, '361124', '334500', '0793'),
(1341, '361125', '334300', '0793'),
(1342, '361126', '334400', '0793'),
(1343, '361127', '335100', '0793'),
(1344, '361128', '333100', '0793'),
(1345, '361129', '335500', '0793'),
(1346, '361130', '333200', '0793'),
(1347, '361181', '334200', '0793'),
(1348, '370101', '250000', '0531'),
(1349, '370102', '250000', '0531'),
(1350, '370103', '250000', '0531'),
(1351, '370104', '250000', '0531'),
(1352, '370105', '250000', '0531'),
(1353, '370112', '250100', '0531'),
(1354, '370113', '250300', '0531'),
(1355, '370124', '250400', '0531'),
(1356, '370125', '251400', '0531'),
(1357, '370126', '251600', '0531'),
(1358, '370181', '250200', '0531'),
(1359, '370201', '266000', '0532'),
(1360, '370202', '266000', '0532'),
(1361, '370203', '266000', '0532'),
(1362, '370205', '266000', '0532'),
(1363, '370211', '266000', '0532'),
(1364, '370212', '266100', '0532'),
(1365, '370213', '266000', '0532'),
(1366, '370214', '266000', '0532'),
(1367, '370281', '266300', '0532'),
(1368, '370282', '266200', '0532'),
(1369, '370283', '266700', '0532'),
(1370, '370284', '266400', '0532'),
(1371, '370285', '266600', '0532'),
(1372, '370301', '255100', '0533'),
(1373, '370302', '255100', '0533'),
(1374, '370303', '255000', '0533'),
(1375, '370304', '255200', '0533'),
(1376, '370305', '255400', '0533'),
(1377, '370306', '255300', '0533'),
(1378, '370321', '256400', '0533'),
(1379, '370322', '256300', '0533'),
(1380, '370323', '256100', '0533'),
(1381, '370401', '277000', '0632'),
(1382, '370402', '277000', '0632'),
(1383, '370403', '277000', '0632'),
(1384, '370404', '277300', '0632'),
(1385, '370405', '277400', '0632'),
(1386, '370406', '277200', '0632'),
(1387, '370481', '277500', '0632'),
(1388, '370501', '257000', '0546'),
(1389, '370502', '257100', '0546'),
(1390, '370503', '257200', '0546'),
(1391, '370521', '257500', '0546'),
(1392, '370522', '257400', '0546'),
(1393, '370523', '257300', '0546'),
(1394, '370601', '264000', '0535'),
(1395, '370602', '264000', '0535'),
(1396, '370611', '265500', '0535'),
(1397, '370612', '264100', '0535'),
(1398, '370613', '264000', '0535'),
(1399, '370634', '265800', '0535'),
(1400, '370681', '265700', '0535'),
(1401, '370682', '265200', '0535'),
(1402, '370683', '261400', '0535'),
(1403, '370684', '265600', '0535'),
(1404, '370685', '265400', '0535'),
(1405, '370686', '265300', '0535'),
(1406, '370687', '265100', '0535'),
(1407, '370701', '261000', '0536'),
(1408, '370702', '261000', '0536'),
(1409, '370703', '261100', '0536'),
(1410, '370704', '261200', '0536'),
(1411, '370705', '261000', '0536'),
(1412, '370724', '262600', '0536'),
(1413, '370725', '262400', '0536'),
(1414, '370781', '262500', '0536'),
(1415, '370782', '262200', '0536'),
(1416, '370783', '262700', '0536'),
(1417, '370784', '262100', '0536'),
(1418, '370785', '261500', '0536'),
(1419, '370786', '261300', '0536'),
(1420, '370801', '272000', '0537'),
(1421, '370802', '272000', '0537'),
(1422, '370811', '272000', '0537'),
(1423, '370826', '277600', '0537'),
(1424, '370827', '272300', '0537'),
(1425, '370828', '272200', '0537'),
(1426, '370829', '272400', '0537'),
(1427, '370830', '272500', '0537'),
(1428, '370831', '273200', '0537'),
(1429, '370832', '272600', '0537'),
(1430, '370881', '273100', '0537'),
(1431, '370882', '272000', '0537'),
(1432, '370883', '273500', '0537'),
(1433, '370901', '271000', '0538'),
(1434, '370902', '271000', '0538'),
(1435, '370903', '271000', '0538'),
(1436, '370921', '271400', '0538'),
(1437, '370923', '271500', '0538'),
(1438, '370982', '271200', '0538'),
(1439, '370983', '271600', '0538'),
(1440, '371001', '264000', '0631'),
(1441, '371002', '264200', '0631'),
(1442, '371081', '264400', '0631'),
(1443, '371082', '264300', '0631'),
(1444, '371083', '264500', '0631'),
(1445, '371101', '276800', '0633'),
(1446, '371102', '276800', '0633'),
(1447, '371103', '276800', '0633'),
(1448, '371121', '262300', '0633'),
(1449, '371122', '276500', '0633'),
(1450, '371201', '271100', '0634'),
(1451, '371202', '271100', '0634'),
(1452, '371203', '271100', '0634'),
(1453, '371301', '276000', '0539'),
(1454, '371302', '276000', '0539'),
(1455, '371311', '276000', '0539'),
(1456, '371312', '276000', '0539'),
(1457, '371321', '276300', '0539'),
(1458, '371322', '276100', '0539'),
(1459, '371323', '276400', '0539'),
(1460, '371324', '277700', '0539'),
(1461, '371325', '273400', '0539'),
(1462, '371326', '273300', '0539'),
(1463, '371327', '276600', '0539'),
(1464, '371328', '276200', '0539'),
(1465, '371329', '276700', '0539'),
(1466, '371401', '253000', '0534'),
(1467, '371402', '253000', '0534'),
(1468, '371421', '253500', '0534'),
(1469, '371422', '253400', '0534'),
(1470, '371423', '253700', '0534'),
(1471, '371424', '251500', '0534'),
(1472, '371425', '251100', '0534'),
(1473, '371426', '253100', '0534'),
(1474, '371427', '253200', '0534'),
(1475, '371428', '253300', '0534'),
(1476, '371481', '253600', '0534'),
(1477, '371482', '251200', '0534'),
(1478, '371501', '252000', '0635'),
(1479, '371502', '252000', '0635'),
(1480, '371521', '252300', '0635'),
(1481, '371522', '252400', '0635'),
(1482, '371523', '252100', '0635'),
(1483, '371524', '252200', '0635'),
(1484, '371525', '252500', '0635'),
(1485, '371526', '252800', '0635'),
(1486, '371581', '252600', '0635'),
(1487, '371601', '256600', '0543'),
(1488, '371602', '256600', '0543'),
(1489, '371621', '251700', '0543'),
(1490, '371622', '251800', '0543'),
(1491, '371623', '251900', '0543'),
(1492, '371624', '256800', '0543'),
(1493, '371625', '256500', '0543'),
(1494, '371626', '256200', '0543'),
(1495, '371701', '274000', '0530'),
(1496, '371702', '274000', '0530'),
(1497, '371721', '274400', '0530'),
(1498, '371722', '274300', '0530'),
(1499, '371723', '274200', '0530'),
(1500, '371724', '274900', '0530'),
(1501, '371725', '274700', '0530'),
(1502, '371726', '274600', '0530'),
(1503, '371727', '274100', '0530');
INSERT INTO `zipcode` (`id`, `areaid`, `zip`, `code`) VALUES
(1504, '371728', '274500', '0530'),
(1505, '410101', '450000', '0371'),
(1506, '410102', '450000', '0371'),
(1507, '410103', '450000', '0371'),
(1508, '410104', '450000', '0371'),
(1509, '410105', '450000', '0371'),
(1510, '410106', '450041', '0371'),
(1511, '410108', '450000', '0371'),
(1512, '410122', '451450', '0371'),
(1513, '410181', '452100', '0371'),
(1514, '410182', '450100', '0371'),
(1515, '410183', '452370', '0371'),
(1516, '410184', '451100', '0371'),
(1517, '410185', '452470', '0371'),
(1518, '410201', '475000', '0378'),
(1519, '410202', '475000', '0378'),
(1520, '410203', '475000', '0378'),
(1521, '410204', '475000', '0378'),
(1522, '410205', '475000', '0378'),
(1523, '410211', '475000', '0378'),
(1524, '410221', '475200', '0378'),
(1525, '410222', '452200', '0378'),
(1526, '410223', '452100', '0378'),
(1527, '410224', '475100', '0378'),
(1528, '410225', '475300', '0378'),
(1529, '410301', '471000', '0379'),
(1530, '410302', '471000', '0379'),
(1531, '410303', '471000', '0379'),
(1532, '410304', '471000', '0379'),
(1533, '410305', '471000', '0379'),
(1534, '410306', '471000', '0379'),
(1535, '410307', '471000', '0379'),
(1536, '410322', '471100', '0379'),
(1537, '410323', '471800', '0379'),
(1538, '410324', '471500', '0379'),
(1539, '410325', '471400', '0379'),
(1540, '410326', '471200', '0379'),
(1541, '410327', '471600', '0379'),
(1542, '410328', '471700', '0379'),
(1543, '410329', '471300', '0379'),
(1544, '410381', '471900', '0379'),
(1545, '410401', '467000', '0375'),
(1546, '410402', '467000', '0375'),
(1547, '410403', '467000', '0375'),
(1548, '410404', '467000', '0375'),
(1549, '410411', '467000', '0375'),
(1550, '410421', '467400', '0375'),
(1551, '410422', '467200', '0375'),
(1552, '410423', '467300', '0375'),
(1553, '410425', '467100', '0375'),
(1554, '410481', '462500', '0375'),
(1555, '410482', '467500', '0375'),
(1556, '410501', '455000', '0372'),
(1557, '410502', '455000', '0372'),
(1558, '410503', '455000', '0372'),
(1559, '410505', '455000', '0372'),
(1560, '410506', '455000', '0372'),
(1561, '410522', '455100', '0372'),
(1562, '410523', '456150', '0372'),
(1563, '410526', '456400', '0372'),
(1564, '410527', '456300', '0372'),
(1565, '410581', '456500', '0372'),
(1566, '410601', '458000', '0392'),
(1567, '410602', '458000', '0392'),
(1568, '410603', '458000', '0392'),
(1569, '410611', '458000', '0392'),
(1570, '410621', '456250', '0392'),
(1571, '410622', '456750', '0392'),
(1572, '410701', '453000', '0373'),
(1573, '410702', '453000', '0373'),
(1574, '410703', '453000', '0373'),
(1575, '410704', '453000', '0373'),
(1576, '410711', '453000', '0373'),
(1577, '410721', '453700', '0373'),
(1578, '410724', '453800', '0373'),
(1579, '410725', '453500', '0373'),
(1580, '410726', '453200', '0373'),
(1581, '410727', '453300', '0373'),
(1582, '410728', '453400', '0373'),
(1583, '410781', '453100', '0373'),
(1584, '410782', '453600', '0373'),
(1585, '410801', '454150', '0391'),
(1586, '410802', '454150', '0391'),
(1587, '410803', '454150', '0391'),
(1588, '410804', '454150', '0391'),
(1589, '410811', '454150', '0391'),
(1590, '410821', '454350', '0391'),
(1591, '410822', '454450', '0391'),
(1592, '410823', '454950', '0391'),
(1593, '410825', '454850', '0391'),
(1594, '410881', '454650', '0391'),
(1595, '410882', '454550', '0391'),
(1596, '410883', '454750', '0391'),
(1597, '410901', '457000', '0393'),
(1598, '410902', '457000', '0393'),
(1599, '410922', '457300', '0393'),
(1600, '410923', '457400', '0393'),
(1601, '410926', '457500', '0393'),
(1602, '410927', '457600', '0393'),
(1603, '410928', '457100', '0393'),
(1604, '411001', '461000', '0373'),
(1605, '411002', '461000', '0374'),
(1606, '411023', '461100', '0374'),
(1607, '411024', '461200', '0374'),
(1608, '411025', '452670', '0374'),
(1609, '411081', '452570', '0374'),
(1610, '411082', '461500', '0374'),
(1611, '411101', '462000', '0395'),
(1612, '411102', '462000', '0395'),
(1613, '411103', '462300', '0395'),
(1614, '411104', '462300', '0395'),
(1615, '411121', '462400', '0395'),
(1616, '411122', '462600', '0395'),
(1617, '411201', '472000', '0398'),
(1618, '411202', '472000', '0398'),
(1619, '411221', '472400', '0398'),
(1620, '411222', '472100', '0398'),
(1621, '411224', '472200', '0398'),
(1622, '411281', '472300', '0398'),
(1623, '411282', '472500', '0398'),
(1624, '411301', '473000', '0377'),
(1625, '411302', '473000', '0377'),
(1626, '411303', '473000', '0377'),
(1627, '411321', '474650', '0377'),
(1628, '411322', '473200', '0377'),
(1629, '411323', '474550', '0377'),
(1630, '411324', '474250', '0377'),
(1631, '411325', '474350', '0377'),
(1632, '411326', '474450', '0377'),
(1633, '411327', '473300', '0377'),
(1634, '411328', '473400', '0377'),
(1635, '411329', '473500', '0377'),
(1636, '411330', '474750', '0377'),
(1637, '411381', '474150', '0377'),
(1638, '411401', '476000', '0370'),
(1639, '411402', '476000', '0370'),
(1640, '411403', '476000', '0370'),
(1641, '411421', '476800', '0370'),
(1642, '411422', '476900', '0370'),
(1643, '411423', '476700', '0370'),
(1644, '411424', '476200', '0370'),
(1645, '411425', '476300', '0370'),
(1646, '411426', '476400', '0370'),
(1647, '411481', '476600', '0370'),
(1648, '411501', '464000', '0376'),
(1649, '411502', '464000', '0376'),
(1650, '411503', '464000', '0376'),
(1651, '411521', '464200', '0376'),
(1652, '411522', '465450', '0397'),
(1653, '411523', '465500', '0397'),
(1654, '411524', '465350', '0397'),
(1655, '411525', '465200', '0397'),
(1656, '411526', '465150', '0397'),
(1657, '411527', '464400', '0397'),
(1658, '411528', '464300', '0397'),
(1659, '411601', '466000', '0394'),
(1660, '411602', '466000', '0394'),
(1661, '411621', '461300', '0394'),
(1662, '411622', '466600', '0394'),
(1663, '411623', '466100', '0394'),
(1664, '411624', '466300', '0394'),
(1665, '411625', '477150', '0394'),
(1666, '411626', '466700', '0394'),
(1667, '411627', '475400', '0394'),
(1668, '411628', '477200', '0394'),
(1669, '411681', '466200', '0394'),
(1670, '411701', '463000', '0396'),
(1671, '411702', '463000', '0396'),
(1672, '411721', '463900', '0396'),
(1673, '411722', '463800', '0396'),
(1674, '411723', '463400', '0396'),
(1675, '411724', '463600', '0396'),
(1676, '411725', '463200', '0396'),
(1677, '411726', '463700', '0396'),
(1678, '411727', '463300', '0396'),
(1679, '411728', '463100', '0396'),
(1680, '411729', '463500', '0396'),
(1681, '420101', '430000', '027'),
(1682, '420102', '430014', '027'),
(1683, '420103', '430000', '027'),
(1684, '420104', '430000', '027'),
(1685, '420105', '430050', '027'),
(1686, '420106', '430000', '027'),
(1687, '420107', '430080', '027'),
(1688, '420111', '430070', '027'),
(1689, '420112', '430040', '027'),
(1690, '420113', '430090', '027'),
(1691, '420114', '430100', '027'),
(1692, '420115', '430200', '027'),
(1693, '420116', '432200', '027'),
(1694, '420117', '431400', '027'),
(1695, '420201', '435000', '0714'),
(1696, '420202', '435000', '0714'),
(1697, '420203', '435000', '0714'),
(1698, '420204', '435000', '0714'),
(1699, '420205', '435000', '0714'),
(1700, '420222', '435200', '0714'),
(1701, '420281', '435100', '0714'),
(1702, '420301', '442000', '0719'),
(1703, '420302', '442000', '0719'),
(1704, '420303', '442000', '0719'),
(1705, '420321', '442500', '0719'),
(1706, '420322', '442600', '0719'),
(1707, '420323', '442200', '0719'),
(1708, '420324', '442300', '0719'),
(1709, '420325', '442100', '0719'),
(1710, '420381', '442700', '0719'),
(1711, '420501', '443000', '0717'),
(1712, '420502', '443000', '0717'),
(1713, '420503', '443000', '0717'),
(1714, '420504', '443000', '0717'),
(1715, '420505', '443000', '0717'),
(1716, '420506', '443100', '0717'),
(1717, '420525', '444200', '0717'),
(1718, '420526', '443700', '0717'),
(1719, '420527', '443600', '0717'),
(1720, '420528', '443500', '0717'),
(1721, '420529', '443400', '0717'),
(1722, '420581', '443000', '0717'),
(1723, '420582', '444100', '0717'),
(1724, '420583', '443200', '0717'),
(1725, '420601', '441000', '0710'),
(1726, '420602', '441000', '0710'),
(1727, '420606', '441000', '0710'),
(1728, '420607', '441100', '0710'),
(1729, '420624', '441500', '0710'),
(1730, '420625', '441700', '0710'),
(1731, '420626', '441600', '0710'),
(1732, '420682', '441800', '0710'),
(1733, '420683', '441200', '0710'),
(1734, '420684', '441400', '0710'),
(1735, '420701', '436000', '0711'),
(1736, '420702', '436000', '0711'),
(1737, '420703', '436000', '0711'),
(1738, '420704', '436000', '0711'),
(1739, '420801', '448000', '0724'),
(1740, '420802', '448000', '0724'),
(1741, '420804', '448000', '0724'),
(1742, '420821', '431800', '0724'),
(1743, '420822', '448200', '0724'),
(1744, '420881', '431900', '0724'),
(1745, '420901', '432000', '0712'),
(1746, '420902', '432100', '0712'),
(1747, '420921', '432900', '0712'),
(1748, '420922', '432800', '0712'),
(1749, '420923', '432500', '0712'),
(1750, '420981', '432400', '0712'),
(1751, '420982', '432600', '0712'),
(1752, '420984', '432300', '0712'),
(1753, '421001', '434000', '0716'),
(1754, '421002', '434000', '0716'),
(1755, '421003', '434020', '0716'),
(1756, '421022', '434300', '0716'),
(1757, '421023', '433300', '0716'),
(1758, '421024', '434100', '0716'),
(1759, '421081', '434400', '0716'),
(1760, '421083', '433200', '0716'),
(1761, '421087', '434200', '0716'),
(1762, '421101', '438000', '0713'),
(1763, '421102', '438000', '0713'),
(1764, '421121', '438000', '0713'),
(1765, '421122', '438400', '0713'),
(1766, '421123', '438600', '0713'),
(1767, '421124', '438700', '0713'),
(1768, '421125', '438200', '0713'),
(1769, '421126', '435300', '0713'),
(1770, '421127', '435500', '0713'),
(1771, '421181', '438300', '0713'),
(1772, '421182', '435400', '0713'),
(1773, '421201', '437000', '0715'),
(1774, '421202', '437000', '0715'),
(1775, '421221', '437200', '0715'),
(1776, '421222', '437400', '0715'),
(1777, '421223', '437500', '0715'),
(1778, '421224', '437600', '0715'),
(1779, '421281', '437300', '0715'),
(1780, '421301', '441300', '0722'),
(1781, '421302', '441300', '0722'),
(1782, '421381', '432700', '0722'),
(1783, '422801', '445000', '0718'),
(1784, '422802', '445400', '0718'),
(1785, '422822', '445300', '0718'),
(1786, '422823', '444300', '0718'),
(1787, '422825', '445500', '0718'),
(1788, '422826', '445600', '0718'),
(1789, '422827', '445700', '0718'),
(1790, '422828', '445800', '0718'),
(1791, '429004', '433000', '0728'),
(1792, '429005', '433100', '0728'),
(1793, '429006', '431700', '0728'),
(1794, '429021', '442400', '0719'),
(1795, '430101', '410000', '0731'),
(1796, '430102', '410000', '0731'),
(1797, '430103', '410000', '0731'),
(1798, '430104', '410000', '0731'),
(1799, '430105', '410000', '0731'),
(1800, '430111', '410000', '0731'),
(1801, '430121', '410100', '0731'),
(1802, '430122', '410200', '0731'),
(1803, '430124', '410600', '0731'),
(1804, '430181', '410300', '0731'),
(1805, '430201', '412000', '0733'),
(1806, '430202', '412000', '0733'),
(1807, '430203', '412000', '0733'),
(1808, '430204', '412000', '0733'),
(1809, '430211', '412000', '0733'),
(1810, '430221', '412000', '0733'),
(1811, '430223', '412300', '0733'),
(1812, '430224', '412400', '0733'),
(1813, '430225', '412500', '0733'),
(1814, '430281', '412200', '0733'),
(1815, '430301', '411100', '0732'),
(1816, '430302', '411100', '0732'),
(1817, '430304', '411100', '0732'),
(1818, '430321', '411200', '0732'),
(1819, '430381', '411400', '0732'),
(1820, '430382', '411300', '0732'),
(1821, '430401', '421000', '0734'),
(1822, '430405', '421000', '0734'),
(1823, '430406', '421000', '0734'),
(1824, '430407', '421000', '0734'),
(1825, '430408', '421000', '0734'),
(1826, '430412', '421000', '0734'),
(1827, '430421', '421200', '0734'),
(1828, '430422', '421100', '0734'),
(1829, '430423', '421300', '0734'),
(1830, '430424', '421400', '0734'),
(1831, '430426', '421600', '0734'),
(1832, '430481', '421800', '0734'),
(1833, '430482', '421500', '0734'),
(1834, '430501', '422000', '0739'),
(1835, '430502', '422000', '0739'),
(1836, '430503', '422000', '0739'),
(1837, '430511', '422000', '0739'),
(1838, '430521', '422800', '0739'),
(1839, '430522', '422900', '0739'),
(1840, '430523', '422100', '0739'),
(1841, '430524', '422200', '0739'),
(1842, '430525', '422300', '0739'),
(1843, '430527', '422600', '0739'),
(1844, '430528', '422700', '0739'),
(1845, '430529', '422500', '0739'),
(1846, '430581', '422400', '0739'),
(1847, '430601', '414000', '0730'),
(1848, '430602', '414000', '0730'),
(1849, '430603', '414000', '0730'),
(1850, '430611', '414000', '0730'),
(1851, '430621', '414100', '0730'),
(1852, '430623', '414200', '0730'),
(1853, '430624', '410500', '0730'),
(1854, '430626', '410400', '0730'),
(1855, '430681', '414400', '0730'),
(1856, '430682', '414300', '0730'),
(1857, '430701', '415000', '0736'),
(1858, '430702', '415000', '0736'),
(1859, '430703', '415100', '0736'),
(1860, '430721', '415600', '0736'),
(1861, '430722', '415900', '0736'),
(1862, '430723', '415500', '0736'),
(1863, '430724', '415200', '0736'),
(1864, '430725', '415700', '0736'),
(1865, '430726', '415300', '0736'),
(1866, '430781', '415400', '0736'),
(1867, '430801', '427000', '0744'),
(1868, '430802', '427000', '0744'),
(1869, '430811', '427400', '0744'),
(1870, '430821', '427200', '0744'),
(1871, '430822', '427100', '0744'),
(1872, '430901', '413000', '0737'),
(1873, '430902', '413000', '0737'),
(1874, '430903', '413000', '0737'),
(1875, '430921', '413200', '0737'),
(1876, '430922', '413400', '0737'),
(1877, '430923', '413500', '0737'),
(1878, '430981', '413100', '0737'),
(1879, '431001', '423000', '0735'),
(1880, '431002', '423000', '0735'),
(1881, '431003', '423000', '0735'),
(1882, '431021', '424400', '0735'),
(1883, '431022', '424200', '0735'),
(1884, '431023', '423300', '0735'),
(1885, '431024', '424500', '0735'),
(1886, '431025', '424300', '0735'),
(1887, '431026', '424100', '0735'),
(1888, '431027', '423500', '0735'),
(1889, '431028', '423600', '0735'),
(1890, '431081', '423400', '0735'),
(1891, '431101', '425000', '0746'),
(1892, '431102', '425000', '0746'),
(1893, '431103', '425000', '0746'),
(1894, '431121', '421700', '0746'),
(1895, '431122', '425900', '0746'),
(1896, '431123', '425200', '0746'),
(1897, '431124', '425300', '0746'),
(1898, '431125', '425400', '0746'),
(1899, '431126', '425600', '0746'),
(1900, '431127', '425800', '0746'),
(1901, '431128', '425700', '0746'),
(1902, '431129', '425500', '0746'),
(1903, '431201', '418000', '0745'),
(1904, '431202', '418000', '0745'),
(1905, '431221', '418000', '0745'),
(1906, '431222', '419600', '0745'),
(1907, '431223', '419500', '0745'),
(1908, '431224', '419300', '0745'),
(1909, '431225', '418300', '0745'),
(1910, '431226', '419400', '0745'),
(1911, '431227', '419200', '0745'),
(1912, '431228', '419100', '0745'),
(1913, '431229', '418400', '0745'),
(1914, '431230', '418500', '0745'),
(1915, '431281', '418200', '0745'),
(1916, '431301', '417000', '0738'),
(1917, '431302', '417000', '0738'),
(1918, '431321', '417700', '0738'),
(1919, '431322', '417600', '0738'),
(1920, '431381', '417500', '0738'),
(1921, '431382', '417100', '0738'),
(1922, '433101', '416000', '0743'),
(1923, '433122', '416100', '0743'),
(1924, '433123', '416200', '0743'),
(1925, '433124', '416400', '0743'),
(1926, '433125', '416500', '0743'),
(1927, '433126', '416300', '0743'),
(1928, '433127', '416700', '0743'),
(1929, '433130', '416800', '0743'),
(1930, '440101', '510000', '020'),
(1931, '440102', '510000', '020'),
(1932, '440103', '510000', '020'),
(1933, '440104', '510000', '020'),
(1934, '440105', '510000', '020'),
(1935, '440106', '510000', '020'),
(1936, '440107', '510000', '020'),
(1937, '440111', '510000', '020'),
(1938, '440112', '510700', '020'),
(1939, '440113', '511400', '020'),
(1940, '440114', '510800', '020'),
(1941, '440183', '511300', '020'),
(1942, '440184', '510900', '020'),
(1943, '440201', '512000', '0751'),
(1944, '440203', '512000', '0751'),
(1945, '440204', '512000', '0751'),
(1946, '440205', '512100', '0751'),
(1947, '440222', '512500', '0751'),
(1948, '440224', '512300', '0751'),
(1949, '440229', '512600', '0751'),
(1950, '440232', '512600', '0751'),
(1951, '440233', '511100', '0751'),
(1952, '440281', '512200', '0751'),
(1953, '440282', '512400', '0751'),
(1954, '440301', '518000', '0755'),
(1955, '440303', '518000', '0755'),
(1956, '440304', '518000', '0755'),
(1957, '440305', '518000', '0755'),
(1958, '440306', '518100', '0755'),
(1959, '440307', '518100', '0755'),
(1960, '440308', '518000', '0755'),
(1961, '440401', '519000', '0756'),
(1962, '440402', '519000', '0756'),
(1963, '440403', '519100', '0756'),
(1964, '440404', '519090', '0756'),
(1965, '440501', '515000', '0754'),
(1966, '440507', '515000', '0754'),
(1967, '440511', '515000', '0754'),
(1968, '440512', '515000', '0754'),
(1969, '440513', '515100', '0661'),
(1970, '440514', '515100', '0661'),
(1971, '440515', '515800', '0754'),
(1972, '440523', '515900', '0754'),
(1973, '440601', '528000', '0757'),
(1974, '440604', '528000', '0757'),
(1975, '440605', '528200', '0757'),
(1976, '440606', '528000', '0757'),
(1977, '440607', '528100', '0757'),
(1978, '440608', '528500', '0757'),
(1979, '440701', '529000', '0750'),
(1980, '440703', '529000', '0750'),
(1981, '440704', '529000', '0750'),
(1982, '440705', '529100', '0750'),
(1983, '440781', '529200', '0750'),
(1984, '440783', '529300', '0750'),
(1985, '440784', '529700', '0750'),
(1986, '440785', '529400', '0750'),
(1987, '440801', '524000', '0759'),
(1988, '440802', '524000', '0759'),
(1989, '440803', '524000', '0759'),
(1990, '440804', '524000', '0759'),
(1991, '440811', '524000', '0759'),
(1992, '440823', '524300', '0759'),
(1993, '440825', '524100', '0759'),
(1994, '440881', '524400', '0759'),
(1995, '440882', '524200', '0759'),
(1996, '440883', '524500', '0759'),
(1997, '440901', '525000', '0688'),
(1998, '440902', '525000', '0668'),
(1999, '440903', '525000', '0668'),
(2000, '440923', '525400', '0668'),
(2001, '440981', '525200', '0668'),
(2002, '440982', '525100', '0668'),
(2003, '440983', '525300', '0668'),
(2004, '441201', '526000', '0758'),
(2005, '441202', '526000', '0758'),
(2006, '441203', '526000', '0758'),
(2007, '441223', '526300', '0758'),
(2008, '441224', '526400', '0758'),
(2009, '441225', '526500', '0758'),
(2010, '441226', '526600', '0758'),
(2011, '441283', '526100', '0758'),
(2012, '441284', '526200', '0758'),
(2013, '441301', '516000', '0752'),
(2014, '441302', '516000', '0752'),
(2015, '441303', '516200', '0752'),
(2016, '441322', '516100', '0752'),
(2017, '441323', '516300', '0752'),
(2018, '441324', '516800', '0752'),
(2019, '441401', '514000', '0753'),
(2020, '441402', '514000', '0753'),
(2021, '441421', '514700', '0753'),
(2022, '441422', '514200', '0753'),
(2023, '441423', '514300', '0753'),
(2024, '441424', '514400', '0753'),
(2025, '441426', '514600', '0753'),
(2026, '441427', '514100', '0753'),
(2027, '441481', '514500', '0753'),
(2028, '441501', '516600', '0660'),
(2029, '441502', '516600', '0660'),
(2030, '441521', '516400', '0660'),
(2031, '441523', '516700', '0660'),
(2032, '441581', '516500', '0660'),
(2033, '441601', '517000', '0762'),
(2034, '441602', '517000', '0762'),
(2035, '441621', '517400', '0762'),
(2036, '441622', '517300', '0762'),
(2037, '441623', '517100', '0762'),
(2038, '441624', '517200', '0762'),
(2039, '441625', '517500', '0762'),
(2040, '441701', '529500', '0662'),
(2041, '441702', '529500', '0662'),
(2042, '441721', '529800', '0662'),
(2043, '441723', '529900', '0662'),
(2044, '441781', '529600', '0662'),
(2045, '441801', '511500', '0763'),
(2046, '441802', '511500', '0763'),
(2047, '441821', '511600', '0763'),
(2048, '441823', '513100', '0763'),
(2049, '441825', '513200', '0763'),
(2050, '441826', '513300', '0763'),
(2051, '441827', '511800', '0763'),
(2052, '441881', '513000', '0763'),
(2053, '441882', '513400', '0763'),
(2054, '445101', '521000', '0768'),
(2055, '445102', '521000', '0768'),
(2056, '445121', '515600', '0768'),
(2057, '445122', '515700', '0768'),
(2058, '445201', '522000', '0663'),
(2059, '445202', '522000', '0663'),
(2060, '445221', '515500', '0663'),
(2061, '445222', '515400', '0663'),
(2062, '445224', '515200', '0663'),
(2063, '445281', '515300', '0663'),
(2064, '445301', '527300', '0766'),
(2065, '445302', '527300', '0766'),
(2066, '445321', '527400', '0766'),
(2067, '445322', '527100', '0766'),
(2068, '445323', '527500', '0766'),
(2069, '445381', '527200', '0766'),
(2070, '450101', '530000', '0771'),
(2071, '450102', '530000', '0771'),
(2072, '450103', '530000', '0771'),
(2073, '450105', '530000', '0771'),
(2074, '450107', '530000', '0771'),
(2075, '450108', '530200', '0771'),
(2076, '450109', '530200', '0771'),
(2077, '450122', '530100', '0771'),
(2078, '450123', '532700', '0771'),
(2079, '450124', '530600', '0771'),
(2080, '450125', '530500', '0771'),
(2081, '450126', '530400', '0771'),
(2082, '450127', '530300', '0771'),
(2083, '450201', '545000', '0772'),
(2084, '450202', '545000', '0772'),
(2085, '450203', '545000', '0772'),
(2086, '450204', '545000', '0772'),
(2087, '450205', '545000', '0772'),
(2088, '450221', '545100', '0772'),
(2089, '450222', '545200', '0772'),
(2090, '450223', '545600', '0772'),
(2091, '450224', '545400', '0772'),
(2092, '450225', '545300', '0772'),
(2093, '450226', '545500', '0772'),
(2094, '450301', '541000', '0773'),
(2095, '450302', '541000', '0773'),
(2096, '450303', '541000', '0773'),
(2097, '450304', '541000', '0773'),
(2098, '450305', '541000', '0773'),
(2099, '450311', '541000', '0773'),
(2100, '450321', '541900', '0773'),
(2101, '450322', '541100', '0773'),
(2102, '450323', '541200', '0773'),
(2103, '450324', '541500', '0773'),
(2104, '450325', '541300', '0773'),
(2105, '450326', '541800', '0773'),
(2106, '450327', '541600', '0773'),
(2107, '450328', '541700', '0773'),
(2108, '450329', '541400', '0773'),
(2109, '450330', '542400', '0773'),
(2110, '450331', '546600', '0773'),
(2111, '450332', '542500', '0773'),
(2112, '450401', '543000', '0774'),
(2113, '450403', '543000', '0774'),
(2114, '450404', '543000', '0774'),
(2115, '450405', '543000', '0774'),
(2116, '450421', '543100', '0774'),
(2117, '450422', '543300', '0774'),
(2118, '450423', '546700', '0774'),
(2119, '450481', '543200', '0774'),
(2120, '450501', '536000', '0779'),
(2121, '450502', '536000', '0779'),
(2122, '450503', '536000', '0779'),
(2123, '450512', '536000', '0779'),
(2124, '450521', '536100', '0779'),
(2125, '450601', '538000', '0770'),
(2126, '450602', '538000', '0770'),
(2127, '450603', '538000', '0770'),
(2128, '450621', '535500', '0770'),
(2129, '450681', '538100', '0770'),
(2130, '450701', '535000', '0777'),
(2131, '450702', '535000', '0777'),
(2132, '450703', '535000', '0777'),
(2133, '450721', '535400', '0777'),
(2134, '450722', '535300', '0777'),
(2135, '450801', '537100', '0775'),
(2136, '450802', '537100', '0775'),
(2137, '450803', '537100', '0775'),
(2138, '450804', '537100', '0775'),
(2139, '450821', '537300', '0775'),
(2140, '450881', '537200', '0775'),
(2141, '450901', '537000', '0775'),
(2142, '450902', '537000', '0775'),
(2143, '450921', '537500', '0775'),
(2144, '450922', '537700', '0775'),
(2145, '450923', '537600', '0775'),
(2146, '450924', '537800', '0775'),
(2147, '450981', '537400', '0775'),
(2148, '451001', '533000', '0776'),
(2149, '451002', '533000', '0776'),
(2150, '451021', '533600', '0776'),
(2151, '451022', '531500', '0776'),
(2152, '451023', '531400', '0776'),
(2153, '451024', '533700', '0776'),
(2154, '451025', '533800', '0776'),
(2155, '451026', '533900', '0776'),
(2156, '451027', '533100', '0776'),
(2157, '451028', '533200', '0776'),
(2158, '451029', '533300', '0776'),
(2159, '451030', '533500', '0776'),
(2160, '451031', '533500', '0776'),
(2161, '451101', '542800', '0774'),
(2162, '451102', '552106', '0774'),
(2163, '451121', '546800', '0774'),
(2164, '451122', '542600', '0774'),
(2165, '451123', '542700', '0774'),
(2166, '451201', '547000', '0778'),
(2167, '451202', '547000', '0778'),
(2168, '451221', '547200', '0778'),
(2169, '451222', '547300', '0778'),
(2170, '451223', '547600', '0778'),
(2171, '451224', '547400', '0778'),
(2172, '451225', '546400', '0778'),
(2173, '451226', '547100', '0778'),
(2174, '451227', '547500', '0778'),
(2175, '451228', '530700', '0778'),
(2176, '451229', '530800', '0778'),
(2177, '451281', '546300', '0778'),
(2178, '451301', '546100', '0772'),
(2179, '451302', '546100', '0772'),
(2180, '451321', '546200', '0772'),
(2181, '451322', '545800', '0772'),
(2182, '451323', '545900', '0772'),
(2183, '451324', '545700', '0772'),
(2184, '451381', '546500', '0772'),
(2185, '451401', '532200', '0771'),
(2186, '451402', '532200', '0771'),
(2187, '451421', '532100', '0771'),
(2188, '451422', '532500', '0771'),
(2189, '451423', '532400', '0771'),
(2190, '451424', '532300', '0771'),
(2191, '451425', '532800', '0771'),
(2192, '451481', '532600', '0771'),
(2193, '460101', '570100', '0898'),
(2194, '460105', '570100', '0898'),
(2195, '460106', '570100', '0898'),
(2196, '460107', '571100', '0898'),
(2197, '460108', '570100', '0898'),
(2198, '460201', '572000', '0898'),
(2199, '469001', '572200', '0898'),
(2200, '469002', '571400', '0898'),
(2201, '469003', '571700', '0898'),
(2202, '469005', '571300', '0898'),
(2203, '469006', '571500', '0898'),
(2204, '469007', '572600', '0898'),
(2205, '469025', '571200', '0898'),
(2206, '469026', '571600', '0898'),
(2207, '469027', '571900', '0898'),
(2208, '469028', '571800', '0898'),
(2209, '469030', '572800', '0898'),
(2210, '469031', '572700', '0898'),
(2211, '469033', '572500', '0898'),
(2212, '469034', '572400', '0898'),
(2213, '469035', '572300', '0898'),
(2214, '469036', '572900', '0898'),
(2215, '469037', '572000', '0898'),
(2216, '469038', '572000', '0898'),
(2217, '469039', '572000', '0898'),
(2218, '500101', '404100', '023'),
(2219, '500102', '408000', '023'),
(2220, '500103', '400000', '023'),
(2221, '500104', '400000', '023'),
(2222, '500105', '400000', '023'),
(2223, '500106', '400000', '023'),
(2224, '500107', '400000', '023'),
(2225, '500108', '400000', '023'),
(2226, '500109', '400700', '023'),
(2227, '500110', '400800', '023'),
(2228, '500111', '400900', '023'),
(2229, '500112', '401120', '023'),
(2230, '500113', '401320', '023'),
(2231, '500114', '409000', '023'),
(2232, '500115', '401220', '023'),
(2233, '500222', '401420', '023'),
(2234, '500223', '402660', '023'),
(2235, '500224', '402560', '023'),
(2236, '500225', '402360', '023'),
(2237, '500226', '402460', '023'),
(2238, '500227', '402760', '023'),
(2239, '500228', '405200', '023'),
(2240, '500229', '405900', '023'),
(2241, '500230', '408200', '023'),
(2242, '500231', '408300', '023'),
(2243, '500232', '408500', '023'),
(2244, '500233', '404300', '023'),
(2245, '500234', '405400', '023'),
(2246, '500235', '404500', '023'),
(2247, '500236', '404600', '023'),
(2248, '500237', '404700', '023'),
(2249, '500238', '405800', '023'),
(2250, '500240', '409100', '023'),
(2251, '500241', '409900', '023'),
(2252, '500242', '409800', '023'),
(2253, '500243', '409600', '023'),
(2254, '500381', '402260', '023'),
(2255, '500382', '401520', '023'),
(2256, '500383', '402160', '023'),
(2257, '500384', '408400', '023'),
(2258, '510101', '610000', '028'),
(2259, '510104', '610000', '028'),
(2260, '510105', '610000', '028'),
(2261, '510106', '610000', '028'),
(2262, '510107', '610000', '028'),
(2263, '510108', '610000', '028'),
(2264, '510112', '610100', '028'),
(2265, '510113', '610300', '028'),
(2266, '510114', '610500', '028'),
(2267, '510115', '611100', '028'),
(2268, '510121', '610400', '028'),
(2269, '510122', '610200', '028'),
(2270, '510124', '611700', '028'),
(2271, '510129', '611300', '028'),
(2272, '510131', '611600', '028'),
(2273, '510132', '611400', '028'),
(2274, '510181', '611800', '028'),
(2275, '510182', '610000', '028'),
(2276, '510183', '611500', '028'),
(2277, '510184', '611200', '028'),
(2278, '510301', '643000', '0813'),
(2279, '510302', '643000', '0813'),
(2280, '510303', '643020', '0813'),
(2281, '510304', '643010', '0813'),
(2282, '510311', '643030', '0813'),
(2283, '510321', '643100', '0813'),
(2284, '510322', '643200', '0813'),
(2285, '510401', '617000', '0812'),
(2286, '510402', '617000', '0812'),
(2287, '510403', '617000', '0812'),
(2288, '510411', '617000', '0812'),
(2289, '510421', '617200', '0812'),
(2290, '510422', '617100', '0812'),
(2291, '510501', '646000', '0830'),
(2292, '510502', '646000', '0830'),
(2293, '510503', '646300', '0830'),
(2294, '510504', '646000', '0830'),
(2295, '510521', '646100', '0830'),
(2296, '510522', '646200', '0830'),
(2297, '510524', '646400', '0830'),
(2298, '510525', '646500', '0830'),
(2299, '510601', '618000', '0838'),
(2300, '510603', '618000', '0838'),
(2301, '510623', '618300', '0838'),
(2302, '510626', '618500', '0838'),
(2303, '510681', '618300', '0838'),
(2304, '510682', '618400', '0838'),
(2305, '510683', '618200', '0838'),
(2306, '510701', '621000', '0816'),
(2307, '510703', '621000', '0816'),
(2308, '510704', '621000', '0816'),
(2309, '510722', '621100', '0816'),
(2310, '510723', '621600', '0816'),
(2311, '510724', '622650', '0816'),
(2312, '510725', '622150', '0816'),
(2313, '510726', '622550', '0816'),
(2314, '510727', '622550', '0816'),
(2315, '510781', '621700', '0816'),
(2316, '510801', '628000', '0839'),
(2317, '510802', '628000', '0839'),
(2318, '510811', '628000', '0839'),
(2319, '510812', '628000', '0839'),
(2320, '510821', '628200', '0839'),
(2321, '510822', '628100', '0839'),
(2322, '510823', '628300', '0839'),
(2323, '510824', '628400', '0839'),
(2324, '510901', '629000', '0825'),
(2325, '510903', '629000', '0825'),
(2326, '510904', '629000', '0825'),
(2327, '510921', '629100', '0825'),
(2328, '510922', '629200', '0825'),
(2329, '510923', '629300', '0825'),
(2330, '511001', '628000', '0839'),
(2331, '511002', '641000', '0832'),
(2332, '511011', '641100', '0832'),
(2333, '511024', '642450', '0832'),
(2334, '511025', '641200', '0832'),
(2335, '511028', '642150', '0832'),
(2336, '511101', '614000', '0833'),
(2337, '511102', '614000', '0833'),
(2338, '511111', '614900', '0833'),
(2339, '511112', '614800', '0833'),
(2340, '511113', '614700', '0833'),
(2341, '511123', '614400', '0833'),
(2342, '511124', '613100', '0833'),
(2343, '511126', '614100', '0833'),
(2344, '511129', '614500', '0833'),
(2345, '511132', '614300', '0833'),
(2346, '511133', '614600', '0833'),
(2347, '511181', '614200', '0833'),
(2348, '511301', '637000', '0817'),
(2349, '511302', '637000', '0817'),
(2350, '511303', '637100', '0817'),
(2351, '511304', '637500', '0817'),
(2352, '511321', '637300', '0817'),
(2353, '511322', '637700', '0817'),
(2354, '511323', '637800', '0817'),
(2355, '511324', '637600', '0817'),
(2356, '511325', '637200', '0817'),
(2357, '511381', '637400', '0817'),
(2358, '511401', '620000', '0833'),
(2359, '511402', '620000', '0833'),
(2360, '511421', '620500', '0833'),
(2361, '511422', '620800', '0833'),
(2362, '511423', '620300', '0833'),
(2363, '511424', '620200', '0833'),
(2364, '511425', '620400', '0833'),
(2365, '511501', '644000', '0831'),
(2366, '511502', '644000', '0831'),
(2367, '511521', '644600', '0831'),
(2368, '511522', '644100', '0831'),
(2369, '511523', '644200', '0831'),
(2370, '511524', '644300', '0831'),
(2371, '511525', '645150', '0831'),
(2372, '511526', '644500', '0831'),
(2373, '511527', '645250', '0831'),
(2374, '511528', '644400', '0831'),
(2375, '511529', '645350', '0831'),
(2376, '511601', '638550', '0826'),
(2377, '511602', '638550', '0826'),
(2378, '511621', '638300', '0826'),
(2379, '511622', '638400', '0826'),
(2380, '511623', '638500', '0826'),
(2381, '511681', '638600', '0826'),
(2382, '511701', '635000', '0818'),
(2383, '511702', '635000', '0818'),
(2384, '511721', '635000', '0818'),
(2385, '511722', '636150', '0818'),
(2386, '511723', '636250', '0818'),
(2387, '511724', '635100', '0818'),
(2388, '511725', '635200', '0818'),
(2389, '511781', '636350', '0818'),
(2390, '511801', '625000', '0835'),
(2391, '511802', '625000', '0835'),
(2392, '511821', '625100', '0835'),
(2393, '511822', '625200', '0835'),
(2394, '511823', '625300', '0835'),
(2395, '511824', '625400', '0835'),
(2396, '511825', '625500', '0835'),
(2397, '511826', '625600', '0835'),
(2398, '511827', '625700', '0835'),
(2399, '511901', '636600', '0827'),
(2400, '511902', '636600', '0827'),
(2401, '511921', '636700', '0827'),
(2402, '511922', '635600', '0827'),
(2403, '511923', '636400', '0827'),
(2404, '512001', '641300', '0832'),
(2405, '512002', '641300', '0832'),
(2406, '512021', '642350', '0832'),
(2407, '512022', '641500', '0832'),
(2408, '512081', '641400', '0832'),
(2409, '513221', '623000', '0837'),
(2410, '513222', '623100', '0837'),
(2411, '513223', '623200', '0837'),
(2412, '513224', '623300', '0837'),
(2413, '513225', '623400', '0837'),
(2414, '513226', '624100', '0837'),
(2415, '513227', '624200', '0837'),
(2416, '513228', '623500', '0837'),
(2417, '513229', '624000', '0837'),
(2418, '513230', '624300', '0837'),
(2419, '513231', '624600', '0837'),
(2420, '513232', '624500', '0837'),
(2421, '513233', '624400', '0837'),
(2422, '513321', '626000', '0836'),
(2423, '513322', '626100', '0836'),
(2424, '513323', '626300', '0836'),
(2425, '513324', '616200', '0836'),
(2426, '513325', '627450', '0836'),
(2427, '513326', '626400', '0836'),
(2428, '513327', '626500', '0836'),
(2429, '513328', '626700', '0836'),
(2430, '513329', '626800', '0836'),
(2431, '513330', '627250', '0836'),
(2432, '513331', '627150', '0836'),
(2433, '513332', '627350', '0836'),
(2434, '513333', '626600', '0836'),
(2435, '513334', '624300', '0836'),
(2436, '513335', '627650', '0836'),
(2437, '513336', '627850', '0836'),
(2438, '513337', '627750', '0836'),
(2439, '513338', '627950', '0836'),
(2440, '513401', '615000', '0834'),
(2441, '513422', '615800', '0834'),
(2442, '513423', '615700', '0834'),
(2443, '513424', '615500', '0834'),
(2444, '513425', '615100', '0834'),
(2445, '513426', '615200', '0834'),
(2446, '513427', '615400', '0834'),
(2447, '513428', '615300', '0834'),
(2448, '513429', '615350', '0834'),
(2449, '513430', '616250', '0834'),
(2450, '513431', '616150', '0834'),
(2451, '513432', '616750', '0834'),
(2452, '513433', '615600', '0834'),
(2453, '513434', '616650', '0834'),
(2454, '513435', '616850', '0834'),
(2455, '513436', '616450', '0834'),
(2456, '513437', '616550', '0834'),
(2457, '520101', '550000', '0851'),
(2458, '520102', '550000', '0851'),
(2459, '520103', '550000', '0851'),
(2460, '520111', '550000', '0851'),
(2461, '520112', '550000', '0851'),
(2462, '520113', '550000', '0851'),
(2463, '520114', '550000', '0851'),
(2464, '520121', '550300', '0851'),
(2465, '520122', '551100', '0851'),
(2466, '520123', '550200', '0851'),
(2467, '520181', '551400', '0851'),
(2468, '520201', '553000', '0858'),
(2469, '520203', '553400', '0858'),
(2470, '520221', '553000', '0858'),
(2471, '520222', '561600', '0858'),
(2472, '520301', '563000', '0852'),
(2473, '520302', '563000', '0852'),
(2474, '520303', '563000', '0852'),
(2475, '520321', '563100', '0852'),
(2476, '520322', '563200', '0852'),
(2477, '520323', '563300', '0852'),
(2478, '520324', '563400', '0852'),
(2479, '520325', '563500', '0852'),
(2480, '520326', '564300', '0852'),
(2481, '520327', '564200', '0852'),
(2482, '520328', '564100', '0852'),
(2483, '520329', '564400', '0852'),
(2484, '520330', '564600', '0852'),
(2485, '520381', '564700', '0852'),
(2486, '520382', '564500', '0852'),
(2487, '520401', '561000', '0853'),
(2488, '520402', '561000', '0853'),
(2489, '520421', '561100', '0853'),
(2490, '520422', '562100', '0853'),
(2491, '520423', '561200', '0853'),
(2492, '520424', '561300', '0853'),
(2493, '520425', '550800', '0853'),
(2494, '522201', '554300', '0856'),
(2495, '522222', '554400', '0856'),
(2496, '522223', '554000', '0856'),
(2497, '522224', '555100', '0856'),
(2498, '522225', '565100', '0856'),
(2499, '522226', '555200', '0856'),
(2500, '522227', '565200', '0856'),
(2501, '522228', '565300', '0856'),
(2502, '522229', '554100', '0856'),
(2503, '522230', '554200', '0856'),
(2504, '522301', '562400', '0859'),
(2505, '522322', '562300', '0859'),
(2506, '522323', '561500', '0859'),
(2507, '522324', '561400', '0859'),
(2508, '522325', '562200', '0859'),
(2509, '522326', '552300', '0859'),
(2510, '522327', '552200', '0859'),
(2511, '522328', '552400', '0859'),
(2512, '522401', '551700', '0857'),
(2513, '522422', '551600', '0857'),
(2514, '522423', '551500', '0857'),
(2515, '522424', '551800', '0857'),
(2516, '522425', '552100', '0857'),
(2517, '522426', '553300', '0857'),
(2518, '522427', '553100', '0857'),
(2519, '522428', '553200', '0857'),
(2520, '522601', '556000', '0855'),
(2521, '522622', '556100', '0855'),
(2522, '522623', '556200', '0855'),
(2523, '522624', '556500', '0855'),
(2524, '522625', '557700', '0855'),
(2525, '522626', '557800', '0855'),
(2526, '522627', '556600', '0855'),
(2527, '522628', '556700', '0855'),
(2528, '522629', '556400', '0855'),
(2529, '522630', '556300', '0855'),
(2530, '522631', '557300', '0855'),
(2531, '522632', '557200', '0855'),
(2532, '522633', '557400', '0855'),
(2533, '522634', '557100', '0855'),
(2534, '522635', '557600', '0855'),
(2535, '522636', '557500', '0855'),
(2536, '522701', '558000', '0854'),
(2537, '522702', '550500', '0854'),
(2538, '522722', '558400', '0854'),
(2539, '522723', '551300', '0854'),
(2540, '522725', '550400', '0854'),
(2541, '522726', '558200', '0854'),
(2542, '522727', '558300', '0854'),
(2543, '522728', '550100', '0854'),
(2544, '522729', '550700', '0854'),
(2545, '522730', '551200', '0854'),
(2546, '522731', '550600', '0854'),
(2547, '522732', '558100', '0854'),
(2548, '530101', '650000', '0871'),
(2549, '530102', '650000', '0871'),
(2550, '530103', '650000', '0871'),
(2551, '530111', '650200', '0871'),
(2552, '530112', '650100', '0871'),
(2553, '530113', '654100', '0871'),
(2554, '530121', '650500', '0871'),
(2555, '530122', '650600', '0871'),
(2556, '530124', '650400', '0871'),
(2557, '530125', '652100', '0871'),
(2558, '530126', '652200', '0871'),
(2559, '530127', '651700', '0871'),
(2560, '530128', '651500', '0871'),
(2561, '530129', '655200', '0871'),
(2562, '530181', '650300', '0871'),
(2563, '530301', '655000', '0874'),
(2564, '530302', '655000', '0874'),
(2565, '530321', '655100', '0874'),
(2566, '530322', '655600', '0874'),
(2567, '530323', '655700', '0874'),
(2568, '530324', '655800', '0874'),
(2569, '530325', '655500', '0874'),
(2570, '530326', '654200', '0874'),
(2571, '530328', '655500', '0874'),
(2572, '530381', '655400', '0874'),
(2573, '530401', '653100', '0877'),
(2574, '530402', '653100', '0877'),
(2575, '530421', '652600', '0877'),
(2576, '530422', '652500', '0877'),
(2577, '530423', '652700', '0877'),
(2578, '530424', '652800', '0877'),
(2579, '530425', '651100', '0877'),
(2580, '530426', '653200', '0877'),
(2581, '530427', '653400', '0877'),
(2582, '530428', '653300', '0877'),
(2583, '530501', '678000', '0875'),
(2584, '530502', '678000', '0875'),
(2585, '530521', '678200', '0875'),
(2586, '530522', '679100', '0875'),
(2587, '530523', '678300', '0875'),
(2588, '530524', '678100', '0875'),
(2589, '530601', '657000', '0870'),
(2590, '530602', '657000', '0870'),
(2591, '530621', '657100', '0870'),
(2592, '530622', '654600', '0870'),
(2593, '530623', '657500', '0870'),
(2594, '530624', '657400', '0870'),
(2595, '530625', '657300', '0870'),
(2596, '530626', '657700', '0870'),
(2597, '530627', '657200', '0870'),
(2598, '530628', '657600', '0870'),
(2599, '530629', '657900', '0870'),
(2600, '530630', '657800', '0870'),
(2601, '530701', '674100', '0888'),
(2602, '530702', '674100', '0888'),
(2603, '530721', '674100', '0888'),
(2604, '530722', '674200', '0888'),
(2605, '530723', '674800', '0888'),
(2606, '530724', '674300', '0888'),
(2607, '530801', '665000', '0879'),
(2608, '530802', '665000', '0879'),
(2609, '530821', '665100', '0879'),
(2610, '530822', '654800', '0879'),
(2611, '530823', '676200', '0879'),
(2612, '530824', '666400', '0879'),
(2613, '530825', '666500', '0879'),
(2614, '530826', '665900', '0879'),
(2615, '530827', '665800', '0879'),
(2616, '530828', '665600', '0879'),
(2617, '530829', '665700', '0879'),
(2618, '530901', '677000', '0883'),
(2619, '530902', '677000', '0883'),
(2620, '530921', '675900', '0883'),
(2621, '530922', '675800', '0883'),
(2622, '530923', '677600', '0883'),
(2623, '530924', '677700', '0883'),
(2624, '530925', '677300', '0883'),
(2625, '530926', '677500', '0883'),
(2626, '530927', '677400', '0883'),
(2627, '532301', '675000', '0878'),
(2628, '532322', '675100', '0878'),
(2629, '532323', '675500', '0878'),
(2630, '532324', '675200', '0878'),
(2631, '532325', '675300', '0878'),
(2632, '532326', '675400', '0878'),
(2633, '532327', '651400', '0878'),
(2634, '532328', '651300', '0878'),
(2635, '532329', '651600', '0878'),
(2636, '532331', '651200', '0878'),
(2637, '532501', '661000', '0873'),
(2638, '532502', '661600', '0873'),
(2639, '532522', '661100', '0873'),
(2640, '532523', '661200', '0873'),
(2641, '532524', '654300', '0873'),
(2642, '532525', '662200', '0873'),
(2643, '532526', '652300', '0873'),
(2644, '532527', '652400', '0873'),
(2645, '532528', '662400', '0873'),
(2646, '532529', '654400', '0873'),
(2647, '532530', '661500', '0873'),
(2648, '532531', '662500', '0873'),
(2649, '532532', '661300', '0873'),
(2650, '532621', '663000', '0876'),
(2651, '532622', '663100', '0876'),
(2652, '532623', '663500', '0876'),
(2653, '532624', '663600', '0876'),
(2654, '532625', '663700', '0876'),
(2655, '532626', '663200', '0876'),
(2656, '532627', '663300', '0876'),
(2657, '532628', '663400', '0876'),
(2658, '532801', '666100', '0691'),
(2659, '532822', '666200', '0691'),
(2660, '532823', '666300', '0691'),
(2661, '532901', '671000', '0872'),
(2662, '532922', '672500', '0872'),
(2663, '532923', '672100', '0872'),
(2664, '532924', '671600', '0872'),
(2665, '532925', '675600', '0872'),
(2666, '532926', '675700', '0872'),
(2667, '532927', '672400', '0872'),
(2668, '532928', '672600', '0872'),
(2669, '532929', '672700', '0872'),
(2670, '532930', '671200', '0872'),
(2671, '532931', '671300', '0872'),
(2672, '532932', '671500', '0872'),
(2673, '533102', '678600', '0692'),
(2674, '533103', '678400', '0692'),
(2675, '533122', '679200', '0692'),
(2676, '533123', '679300', '0692'),
(2677, '533124', '678700', '0692'),
(2678, '533321', '673200', '0886'),
(2679, '533323', '673400', '0886'),
(2680, '533324', '673500', '0886'),
(2681, '533325', '671400', '0886'),
(2682, '533421', '674400', '0887'),
(2683, '533422', '674500', '0887'),
(2684, '533423', '674600', '0887'),
(2685, '540101', '850000', '0891'),
(2686, '540102', '850000', '0891'),
(2687, '540121', '851600', '0891'),
(2688, '540122', '851500', '0891'),
(2689, '540123', '851600', '0891'),
(2690, '540124', '850600', '0891'),
(2691, '540125', '851400', '0891'),
(2692, '540126', '850100', '0891'),
(2693, '540127', '850200', '0891'),
(2694, '542121', '854000', '0895'),
(2695, '542122', '854100', '0895'),
(2696, '542123', '854200', '0805'),
(2697, '542124', '855600', '0850'),
(2698, '542125', '855700', '0805'),
(2699, '542126', '854300', '0895'),
(2700, '542127', '854600', '0805'),
(2701, '542128', '854400', '0805'),
(2702, '542129', '854500', '0805'),
(2703, '542132', '855400', '0805'),
(2704, '542133', '855500', '0805'),
(2705, '542221', '856100', '0893'),
(2706, '542222', '850800', '0804'),
(2707, '542223', '850700', '0893'),
(2708, '542224', '856200', '0893'),
(2709, '542225', '856800', '0803'),
(2710, '542226', '856300', '0803'),
(2711, '542227', '856900', '0807'),
(2712, '542228', '851200', '0804'),
(2713, '542229', '856400', '0803'),
(2714, '542231', '856600', '0803'),
(2715, '542232', '856700', '0803'),
(2716, '542233', '851100', '0804'),
(2717, '542301', '857000', '0892'),
(2718, '542322', '857100', '0803'),
(2719, '542323', '857400', '0892'),
(2720, '542324', '858200', '0802'),
(2721, '542325', '857800', '0802'),
(2722, '542326', '858100', '0803'),
(2723, '542327', '858500', '0803'),
(2724, '542328', '858900', '0803'),
(2725, '542329', '857300', '0892'),
(2726, '542330', '857200', '0892'),
(2727, '542331', '857500', '0802'),
(2728, '542332', '857900', '0802'),
(2729, '542333', '858800', '0802'),
(2730, '542334', '857600', '0802'),
(2731, '542335', '858700', '0802'),
(2732, '542336', '858300', '0802'),
(2733, '542337', '858600', '0802'),
(2734, '542338', '857700', '0802'),
(2735, '542421', '852000', '0896'),
(2736, '542422', '852400', '0806'),
(2737, '542423', '852300', '0806'),
(2738, '542424', '853500', '0806'),
(2739, '542425', '853400', '0896'),
(2740, '542426', '853100', '0806'),
(2741, '542427', '852200', '0807'),
(2742, '542428', '852500', '0806'),
(2743, '542429', '852100', '0806'),
(2744, '542430', '853200', '0808'),
(2745, '542521', '859500', '0806'),
(2746, '542522', '859600', '0807'),
(2747, '542523', '859000', '0897'),
(2748, '542524', '859700', '0807'),
(2749, '542525', '859100', '0807'),
(2750, '542526', '859200', '0807'),
(2751, '542527', '859300', '0806'),
(2752, '542621', '860100', '0894'),
(2753, '542622', '860200', '0894'),
(2754, '542623', '860500', '0894'),
(2755, '542624', '860700', '0894'),
(2756, '542625', '860300', '0894'),
(2757, '542626', '860600', '0894'),
(2758, '542627', '860400', '0894'),
(2759, '610101', '710000', '029'),
(2760, '610102', '710000', '029'),
(2761, '610103', '710000', '029'),
(2762, '610104', '710000', '029'),
(2763, '610111', '710000', '029'),
(2764, '610112', '710000', '029'),
(2765, '610113', '710000', '029'),
(2766, '610114', '710000', '029'),
(2767, '610115', '710600', '029'),
(2768, '610116', '710100', '029'),
(2769, '610122', '710500', '029'),
(2770, '610124', '710400', '029'),
(2771, '610125', '710300', '029'),
(2772, '610126', '710200', '029'),
(2773, '610201', '727000', '0919'),
(2774, '610202', '727000', '0919'),
(2775, '610203', '727000', '0919'),
(2776, '610204', '727100', '0919'),
(2777, '610222', '727200', '0919'),
(2778, '610301', '721000', '0917'),
(2779, '610302', '721000', '0917'),
(2780, '610303', '721000', '0917'),
(2781, '610304', '721300', '0917'),
(2782, '610322', '721400', '0917'),
(2783, '610323', '722400', '0917'),
(2784, '610324', '722200', '0917'),
(2785, '610326', '722300', '0917'),
(2786, '610327', '721200', '0917'),
(2787, '610328', '721100', '0917'),
(2788, '610329', '721500', '0917'),
(2789, '610330', '721700', '0917'),
(2790, '610331', '721600', '0917'),
(2791, '610401', '712000', '0910'),
(2792, '610402', '712000', '0910'),
(2793, '610403', '712000', '0910'),
(2794, '610404', '712000', '0910'),
(2795, '610422', '713800', '0910'),
(2796, '610423', '713700', '0910'),
(2797, '610424', '713300', '0910'),
(2798, '610425', '713200', '0910'),
(2799, '610426', '713400', '0910'),
(2800, '610427', '713500', '0910'),
(2801, '610428', '713600', '0910'),
(2802, '610429', '711300', '0910'),
(2803, '610430', '711200', '0910'),
(2804, '610431', '712200', '0910'),
(2805, '610481', '713100', '0910'),
(2806, '610501', '714000', '0913'),
(2807, '610502', '714000', '0913'),
(2808, '610521', '714100', '0913'),
(2809, '610522', '714300', '0913'),
(2810, '610523', '715100', '0913'),
(2811, '610524', '715300', '0913'),
(2812, '610525', '715200', '0913'),
(2813, '610526', '715500', '0913'),
(2814, '610527', '715600', '0913'),
(2815, '610528', '711700', '0913'),
(2816, '610581', '715400', '0913'),
(2817, '610582', '714200', '0913'),
(2818, '610601', '716000', '0911'),
(2819, '610602', '716000', '0911'),
(2820, '610621', '717100', '0911'),
(2821, '610622', '717200', '0911'),
(2822, '610623', '717300', '0911'),
(2823, '610624', '717400', '0911'),
(2824, '610625', '717500', '0911'),
(2825, '610626', '717600', '0911'),
(2826, '610627', '716100', '0911'),
(2827, '610628', '727500', '0911'),
(2828, '610629', '727400', '0911'),
(2829, '610630', '716200', '0911'),
(2830, '610631', '715700', '0911'),
(2831, '610632', '727300', '0911'),
(2832, '610701', '723000', '0916'),
(2833, '610702', '723000', '0916'),
(2834, '610721', '723100', '0916'),
(2835, '610722', '723200', '0916'),
(2836, '610723', '723300', '0916'),
(2837, '610724', '723500', '0916'),
(2838, '610725', '724200', '0916'),
(2839, '610726', '724400', '0916'),
(2840, '610727', '724300', '0916'),
(2841, '610728', '723600', '0916'),
(2842, '610729', '724100', '0916'),
(2843, '610730', '723400', '0916'),
(2844, '610801', '719000', '0912'),
(2845, '610802', '719000', '0912'),
(2846, '610821', '719300', '0912'),
(2847, '610822', '719400', '0912'),
(2848, '610823', '719200', '0912'),
(2849, '610824', '718500', '0912'),
(2850, '610825', '718600', '0912'),
(2851, '610826', '718000', '0912'),
(2852, '610827', '718100', '0912'),
(2853, '610828', '719200', '0912'),
(2854, '610829', '718200', '0912'),
(2855, '610830', '718300', '0912'),
(2856, '610831', '718400', '0912'),
(2857, '610901', '725000', '0915'),
(2858, '610902', '725000', '0915'),
(2859, '610921', '725100', '0915'),
(2860, '610922', '725200', '0915'),
(2861, '610923', '711600', '0915'),
(2862, '610924', '725300', '0915'),
(2863, '610925', '725400', '0915'),
(2864, '610926', '725500', '0915'),
(2865, '610927', '725600', '0915'),
(2866, '610928', '725700', '0915'),
(2867, '610929', '725800', '0915'),
(2868, '611001', '726000', '0914'),
(2869, '611002', '726000', '0914'),
(2870, '611021', '726100', '0914'),
(2871, '611022', '726200', '0914'),
(2872, '611023', '726300', '0914'),
(2873, '611024', '726400', '0914'),
(2874, '611025', '711500', '0914'),
(2875, '611026', '711400', '0914'),
(2876, '620101', '730000', '0931'),
(2877, '620102', '730030', '0931'),
(2878, '620103', '730050', '0931'),
(2879, '620104', '730060', '0931'),
(2880, '620105', '730070', '0931'),
(2881, '620111', '730080', '0931'),
(2882, '620121', '730300', '0931'),
(2883, '620122', '730200', '0931'),
(2884, '620123', '730100', '0931'),
(2885, '620201', '737100', '0935'),
(2886, '620301', '737100', '0935'),
(2887, '620302', '737100', '0935'),
(2888, '620321', '737200', '0935'),
(2889, '620401', '730900', '0943'),
(2890, '620402', '730900', '0943'),
(2891, '620403', '730900', '0943'),
(2892, '620421', '730600', '0943'),
(2893, '620422', '730700', '0943'),
(2894, '620423', '730400', '0943'),
(2895, '620501', '741000', '0938'),
(2896, '620502', '741000', '0938'),
(2897, '620503', '741000', '0938'),
(2898, '620521', '741400', '0938'),
(2899, '620522', '741600', '0938'),
(2900, '620523', '741200', '0938'),
(2901, '620524', '741300', '0938'),
(2902, '620525', '733000', '0935'),
(2903, '620601', '733000', '0935'),
(2904, '620602', '733000', '0935'),
(2905, '620621', '733300', '0935'),
(2906, '620622', '733100', '0935'),
(2907, '620623', '733200', '0935'),
(2908, '620701', '734000', '0936'),
(2909, '620702', '734000', '0936'),
(2910, '620721', '734400', '0936'),
(2911, '620722', '734500', '0936'),
(2912, '620723', '734200', '0936'),
(2913, '620724', '734300', '0936'),
(2914, '620725', '734100', '0936'),
(2915, '620801', '744000', '0933'),
(2916, '620802', '744000', '0933'),
(2917, '620821', '744300', '0933'),
(2918, '620822', '744400', '0933'),
(2919, '620823', '744200', '0933'),
(2920, '620824', '744100', '0933'),
(2921, '620825', '744600', '0933'),
(2922, '620826', '743400', '0933'),
(2923, '620901', '735000', '0937'),
(2924, '620902', '735000', '0937'),
(2925, '620921', '735300', '0937'),
(2926, '620922', '736100', '0937'),
(2927, '620923', '736300', '0937'),
(2928, '620924', '736400', '0937'),
(2929, '620981', '735200', '0937'),
(2930, '620982', '736200', '0937'),
(2931, '621001', '745000', '0934'),
(2932, '621002', '745000', '0934'),
(2933, '621021', '745000', '0934'),
(2934, '621022', '745700', '0934'),
(2935, '621023', '745600', '0934'),
(2936, '621024', '745400', '0934'),
(2937, '621025', '745300', '0934'),
(2938, '621026', '745200', '0934'),
(2939, '621027', '744500', '0934'),
(2940, '621101', '743000', '0932'),
(2941, '621102', '743000', '0932'),
(2942, '621121', '743300', '0932'),
(2943, '621122', '748100', '0932'),
(2944, '621123', '748200', '0932'),
(2945, '621124', '730500', '0932'),
(2946, '621125', '748300', '0932'),
(2947, '621126', '748400', '0932'),
(2948, '621201', '746000', '0935'),
(2949, '621202', '746000', '0935'),
(2950, '621221', '742500', '0935'),
(2951, '621222', '746400', '0935'),
(2952, '621223', '748500', '0935'),
(2953, '621224', '746500', '0935'),
(2954, '621225', '742100', '0935'),
(2955, '621226', '742200', '0935'),
(2956, '621227', '742300', '0935'),
(2957, '621228', '742400', '0935'),
(2958, '622901', '731100', '0930'),
(2959, '622921', '731800', '0930'),
(2960, '622922', '731500', '0930'),
(2961, '622923', '731600', '0930'),
(2962, '622924', '731300', '0930'),
(2963, '622925', '731200', '0930'),
(2964, '622926', '731400', '0930'),
(2965, '622927', '731700', '0930'),
(2966, '623001', '747000', '0941'),
(2967, '623021', '747500', '0941'),
(2968, '623022', '747600', '0941'),
(2969, '623023', '746300', '0941'),
(2970, '623024', '747400', '0941'),
(2971, '623025', '747300', '0941'),
(2972, '623026', '747200', '0941'),
(2973, '623027', '747100', '0941'),
(2974, '630101', '810000', '0971');
INSERT INTO `zipcode` (`id`, `areaid`, `zip`, `code`) VALUES
(2975, '630102', '810000', '0971'),
(2976, '630103', '810000', '0971'),
(2977, '630104', '810000', '0971'),
(2978, '630105', '810000', '0971'),
(2979, '630121', '810100', '0971'),
(2980, '630122', '811600', '0972'),
(2981, '630123', '812100', '0972'),
(2982, '632121', '810600', '0972'),
(2983, '632122', '810800', '0972'),
(2984, '632123', '810700', '0972'),
(2985, '632126', '810500', '0972'),
(2986, '632127', '810900', '0972'),
(2987, '632128', '811100', '0972'),
(2988, '632221', '810300', '0978'),
(2989, '632222', '810400', '0970'),
(2990, '632223', '812200', '0970'),
(2991, '632224', '812300', '0970'),
(2992, '632321', '811300', '0973'),
(2993, '632322', '811200', '0973'),
(2994, '632323', '811400', '0973'),
(2995, '632324', '811500', '0973'),
(2996, '632521', '813000', '0974'),
(2997, '632522', '813200', '0974'),
(2998, '632523', '811700', '0974'),
(2999, '632524', '813300', '0974'),
(3000, '632525', '813100', '0974'),
(3001, '632621', '814000', '0975'),
(3002, '632622', '814300', '0975'),
(3003, '632623', '814100', '0975'),
(3004, '632624', '814200', '0975'),
(3005, '632625', '624700', '0975'),
(3006, '632626', '813500', '0975'),
(3007, '632721', '815000', '0976'),
(3008, '632722', '815300', '0976'),
(3009, '632723', '815100', '0976'),
(3010, '632724', '815400', '0976'),
(3011, '632725', '815200', '0976'),
(3012, '632726', '815500', '0976'),
(3013, '632801', '816000', '0977'),
(3014, '632802', '817000', '0977'),
(3015, '632821', '817100', '0977'),
(3016, '632822', '816100', '0977'),
(3017, '632823', '817200', '0977'),
(3018, '640101', '750000', '0951'),
(3019, '640104', '750000', '0951'),
(3020, '640105', '750000', '0951'),
(3021, '640106', '750000', '0951'),
(3022, '640121', '750100', '0951'),
(3023, '640122', '750200', '0951'),
(3024, '640181', '751400', '0951'),
(3025, '640201', '753000', '0952'),
(3026, '640202', '753000', '0952'),
(3027, '640205', '753600', '0952'),
(3028, '640221', '753400', '0952'),
(3029, '640301', '751100', '0953'),
(3030, '640302', '751100', '0953'),
(3031, '640323', '751500', '0953'),
(3032, '640324', '751300', '0953'),
(3033, '640381', '751600', '0953'),
(3034, '640401', '756000', '0954'),
(3035, '640402', '756000', '0954'),
(3036, '640422', '756200', '0954'),
(3037, '640423', '756300', '0954'),
(3038, '640424', '756400', '0954'),
(3039, '640425', '756500', '0954'),
(3040, '640501', '751700', '0953'),
(3041, '640502', '751700', '0953'),
(3042, '640521', '751200', '0953'),
(3043, '640522', '751800', '0954'),
(3044, '650101', '830000', '0991'),
(3045, '650102', '830000', '0991'),
(3046, '650103', '830000', '0991'),
(3047, '650104', '830000', '0991'),
(3048, '650105', '830000', '0991'),
(3049, '650106', '830000', '0991'),
(3050, '650107', '830000', '0992'),
(3051, '650108', '830000', '0991'),
(3052, '650121', '830000', '0991'),
(3053, '650201', '834000', '0990'),
(3054, '650202', '838600', '0990'),
(3055, '650203', '834000', '0990'),
(3056, '650204', '834000', '0990'),
(3057, '650205', '834000', '0990'),
(3058, '652101', '838000', '0995'),
(3059, '652122', '838200', '0995'),
(3060, '652123', '838100', '0995'),
(3061, '652201', '839000', '0902'),
(3062, '652222', '839200', '0902'),
(3063, '652223', '839300', '0902'),
(3064, '652301', '831100', '0994'),
(3065, '652302', '831500', '0994'),
(3066, '652303', '831400', '0994'),
(3067, '652323', '831200', '0994'),
(3068, '652324', '832200', '0994'),
(3069, '652325', '831800', '0994'),
(3070, '652327', '831700', '0994'),
(3071, '652328', '831900', '0994'),
(3072, '652701', '833400', '0909'),
(3073, '652722', '833300', '0909'),
(3074, '652723', '833500', '0909'),
(3075, '652801', '841000', '0996'),
(3076, '652822', '841600', '0996'),
(3077, '652823', '841500', '0996'),
(3078, '652824', '841800', '0996'),
(3079, '652825', '841900', '0996'),
(3080, '652826', '841100', '0996'),
(3081, '652827', '841300', '0996'),
(3082, '652828', '841200', '0996'),
(3083, '652829', '841400', '0996'),
(3084, '652901', '843000', '0997'),
(3085, '652922', '843100', '0997'),
(3086, '652923', '842000', '0997'),
(3087, '652924', '842200', '0997'),
(3088, '652925', '842100', '0997'),
(3089, '652926', '842300', '0997'),
(3090, '652927', '843400', '0997'),
(3091, '652928', '843200', '0997'),
(3092, '652929', '845350', '0908'),
(3093, '653001', '845350', '0908'),
(3094, '653022', '845550', '0908'),
(3095, '653023', '843500', '0997'),
(3096, '653024', '845450', '0908'),
(3097, '653101', '844000', '0998'),
(3098, '653121', '844100', '0998'),
(3099, '653122', '844200', '0998'),
(3100, '653123', '844500', '0998'),
(3101, '653124', '844800', '0998'),
(3102, '653125', '844700', '0998'),
(3103, '653126', '844900', '0998'),
(3104, '653127', '844600', '0998'),
(3105, '653128', '844400', '0998'),
(3106, '653129', '844300', '0998'),
(3107, '653130', '843800', '0998'),
(3108, '653131', '845250', '0998'),
(3109, '653201', '848000', '0903'),
(3110, '653221', '848000', '0903'),
(3111, '653222', '848100', '0903'),
(3112, '653223', '845150', '0903'),
(3113, '653224', '848200', '0903'),
(3114, '653225', '848300', '0903'),
(3115, '653226', '848400', '0903'),
(3116, '653227', '848500', '0903'),
(3117, '654002', '835000', '0999'),
(3118, '654003', '833200', '0992'),
(3119, '654021', '835100', '0999'),
(3120, '654022', '835300', '0999'),
(3121, '654023', '835200', '0999'),
(3122, '654024', '835400', '0999'),
(3123, '654025', '835800', '0999'),
(3124, '654026', '835600', '0999'),
(3125, '654027', '835500', '0999'),
(3126, '654028', '835700', '0999'),
(3127, '654201', '834300', '0901'),
(3128, '654202', '833300', '0992'),
(3129, '654221', '834600', '0901'),
(3130, '654223', '832100', '0993'),
(3131, '654224', '834500', '0901'),
(3132, '654225', '834800', '0901'),
(3133, '654226', '834400', '0990'),
(3134, '654301', '836500', '0906'),
(3135, '654321', '836600', '0906'),
(3136, '654322', '836100', '0906'),
(3137, '654323', '836400', '0906'),
(3138, '654324', '836700', '0906'),
(3139, '654325', '836200', '0906'),
(3140, '654326', '836800', '0906'),
(3141, '659001', '832000', '0993'),
(3142, '659002', '843300', '0997'),
(3143, '659003', '844000', '0998'),
(3144, '659004', '831300', '0994');

-- --------------------------------------------------------

--
-- 视图结构 `v_shop_combo`
--
DROP TABLE IF EXISTS `v_shop_combo`;

CREATE ALGORITHM=UNDEFINED DEFINER=`root`@`localhost` SQL SECURITY DEFINER VIEW `v_shop_combo`  AS  select `t1`.`_id` AS `_id`,`t1`.`shop_id` AS `shop_id`,`t1`.`combo_name` AS `combo_name`,`t1`.`end_time` AS `end_time`,`t1`.`discount_cost` AS `discount_cost`,`t1`.`original_cost` AS `original_cost`,`t1`.`combo_cover` AS `combo_cover`,`t2`.`shop_name` AS `shop_name`,`t2`.`shop_cover` AS `shop_cover`,`t2`.`hits` AS `hits`,`t2`.`address` AS `address`,`t2`.`current_cost` AS `current_cost`,`t2`.`tel` AS `tel`,`t2`.`time` AS `time`,`t2`.`sub_field_id` AS `sub_field_id`,`t3`.`sub_field_name` AS `sub_field_name`,`t4`.`field_name` AS `field_name` from (((`t_shop_combo` `t1` join `t_shop` `t2` on((`t1`.`shop_id` = `t2`.`_id`))) join `t_sub_fields` `t3` on((`t2`.`sub_field_id` = `t3`.`_id`))) join `t_fields` `t4` on((`t3`.`field_id` = `t4`.`_id`))) ;

-- --------------------------------------------------------

--
-- 视图结构 `v_shop_combo_trade`
--
DROP TABLE IF EXISTS `v_shop_combo_trade`;

CREATE ALGORITHM=UNDEFINED DEFINER=`root`@`localhost` SQL SECURITY DEFINER VIEW `v_shop_combo_trade`  AS  select `t1`.`_id` AS `_id`,`t1`.`trasaction_id` AS `trasaction_id`,`t1`.`combo_id` AS `combo_id`,`t1`.`product_name` AS `product_name`,`t1`.`amount` AS `amount`,`t1`.`user_id` AS `user_id`,`t1`.`start_time` AS `start_time`,`t1`.`end_time` AS `end_time`,`t1`.`yn` AS `yn`,`t1`.`total` AS `total`,`t2`.`discount_cost` AS `discount_cost`,`t2`.`original_cost` AS `original_cost`,`t2`.`combo_cover` AS `combo_cover`,`t3`.`shop_name` AS `shop_name`,`t3`.`_id` AS `shop_id`,`t3`.`shop_cover` AS `shop_cover` from ((`t_trade_record` `t1` join `t_shop_combo` `t2` on((`t1`.`combo_id` = `t2`.`_id`))) join `t_shop` `t3` on((`t2`.`shop_id` = `t3`.`_id`))) ;

-- --------------------------------------------------------

--
-- 视图结构 `v_shop_fields`
--
DROP TABLE IF EXISTS `v_shop_fields`;

CREATE ALGORITHM=UNDEFINED DEFINER=`root`@`localhost` SQL SECURITY DEFINER VIEW `v_shop_fields`  AS  select `t1`.`_id` AS `_id`,`t1`.`shop_name` AS `shop_name`,`t1`.`shop_cover` AS `shop_cover`,`t1`.`hits` AS `hits`,`t1`.`address` AS `address`,`t1`.`d_id` AS `d_id`,`t1`.`current_cost` AS `current_cost`,`t1`.`tel` AS `tel`,`t1`.`time` AS `time`,`t1`.`field_id` AS `field_id`,`t1`.`sub_field_id` AS `sub_field_id`,`t2`.`field_name` AS `field_name`,`t3`.`sub_field_name` AS `sub_field_name` from ((`t_shop` `t1` join `t_fields` `t2` on((`t1`.`field_id` = `t2`.`_id`))) join `t_sub_fields` `t3` on((`t1`.`sub_field_id` = `t3`.`_id`))) ;

-- --------------------------------------------------------

--
-- 视图结构 `v_shop_pic`
--
DROP TABLE IF EXISTS `v_shop_pic`;

CREATE ALGORITHM=UNDEFINED DEFINER=`root`@`localhost` SQL SECURITY DEFINER VIEW `v_shop_pic`  AS  select `t1`.`_id` AS `_id`,`t1`.`shop_id` AS `shop_id`,`t1`.`pic_url` AS `pic_url`,`t1`.`type` AS `type`,`t2`.`shop_name` AS `shop_name` from (`t_shop_pic` `t1` join `t_shop` `t2` on((`t1`.`shop_id` = `t2`.`_id`))) ;

-- --------------------------------------------------------

--
-- 视图结构 `v_user_discuss`
--
DROP TABLE IF EXISTS `v_user_discuss`;

CREATE ALGORITHM=UNDEFINED DEFINER=`root`@`localhost` SQL SECURITY DEFINER VIEW `v_user_discuss`  AS  select `t1`.`_id` AS `_id`,`t1`.`user_id` AS `user_id`,`t1`.`shop_id` AS `shop_id`,`t1`.`discuss` AS `discuss`,`t1`.`classify_id` AS `classify_id`,`t1`.`discuss_time` AS `discuss_time`,`t2`.`nickname` AS `nickname`,`t3`.`classify_name` AS `classify_name`,`t4`.`shop_name` AS `shop_name` from (((`t_discuss` `t1` join `t_users` `t2` on((`t1`.`user_id` = `t2`.`_id`))) join `t_discuss_classify` `t3` on((`t1`.`classify_id` = `t3`.`_id`))) join `t_shop` `t4` on((`t1`.`shop_id` = `t4`.`_id`))) ;

--
-- Indexes for dumped tables
--

--
-- Indexes for table `areas`
--
ALTER TABLE `areas`
  ADD PRIMARY KEY (`id`);

--
-- Indexes for table `cities`
--
ALTER TABLE `cities`
  ADD PRIMARY KEY (`id`);

--
-- Indexes for table `person`
--
ALTER TABLE `person`
  ADD PRIMARY KEY (`id`);

--
-- Indexes for table `persons`
--
ALTER TABLE `persons`
  ADD PRIMARY KEY (`id`);

--
-- Indexes for table `persons1`
--
ALTER TABLE `persons1`
  ADD PRIMARY KEY (`id`);

--
-- Indexes for table `provinces`
--
ALTER TABLE `provinces`
  ADD PRIMARY KEY (`id`);

--
-- Indexes for table `t_discuss`
--
ALTER TABLE `t_discuss`
  ADD PRIMARY KEY (`_id`);

--
-- Indexes for table `t_discuss_classify`
--
ALTER TABLE `t_discuss_classify`
  ADD PRIMARY KEY (`_id`);

--
-- Indexes for table `t_fields`
--
ALTER TABLE `t_fields`
  ADD PRIMARY KEY (`_id`),
  ADD UNIQUE KEY `field_name` (`field_name`);

--
-- Indexes for table `t_persons`
--
ALTER TABLE `t_persons`
  ADD PRIMARY KEY (`id`);

--
-- Indexes for table `t_purchase`
--
ALTER TABLE `t_purchase`
  ADD PRIMARY KEY (`_id`);

--
-- Indexes for table `t_shop`
--
ALTER TABLE `t_shop`
  ADD PRIMARY KEY (`_id`);

--
-- Indexes for table `t_shop_combo`
--
ALTER TABLE `t_shop_combo`
  ADD PRIMARY KEY (`_id`);

--
-- Indexes for table `t_shop_pic`
--
ALTER TABLE `t_shop_pic`
  ADD PRIMARY KEY (`_id`);

--
-- Indexes for table `t_sub_combo`
--
ALTER TABLE `t_sub_combo`
  ADD PRIMARY KEY (`_id`);

--
-- Indexes for table `t_sub_fields`
--
ALTER TABLE `t_sub_fields`
  ADD PRIMARY KEY (`_id`);

--
-- Indexes for table `t_trade_record`
--
ALTER TABLE `t_trade_record`
  ADD PRIMARY KEY (`_id`);

--
-- Indexes for table `t_users`
--
ALTER TABLE `t_users`
  ADD PRIMARY KEY (`_id`);

--
-- Indexes for table `zipcode`
--
ALTER TABLE `zipcode`
  ADD PRIMARY KEY (`id`);

--
-- 在导出的表使用AUTO_INCREMENT
--

--
-- 使用表AUTO_INCREMENT `areas`
--
ALTER TABLE `areas`
  MODIFY `id` int(11) NOT NULL AUTO_INCREMENT, AUTO_INCREMENT=3145;
--
-- 使用表AUTO_INCREMENT `cities`
--
ALTER TABLE `cities`
  MODIFY `id` int(11) NOT NULL AUTO_INCREMENT, AUTO_INCREMENT=346;
--
-- 使用表AUTO_INCREMENT `person`
--
ALTER TABLE `person`
  MODIFY `id` int(11) NOT NULL AUTO_INCREMENT;
--
-- 使用表AUTO_INCREMENT `persons1`
--
ALTER TABLE `persons1`
  MODIFY `id` int(11) NOT NULL AUTO_INCREMENT, AUTO_INCREMENT=31;
--
-- 使用表AUTO_INCREMENT `provinces`
--
ALTER TABLE `provinces`
  MODIFY `id` int(11) NOT NULL AUTO_INCREMENT, AUTO_INCREMENT=35;
--
-- 使用表AUTO_INCREMENT `t_discuss`
--
ALTER TABLE `t_discuss`
  MODIFY `_id` int(11) NOT NULL AUTO_INCREMENT, AUTO_INCREMENT=2;
--
-- 使用表AUTO_INCREMENT `t_discuss_classify`
--
ALTER TABLE `t_discuss_classify`
  MODIFY `_id` int(11) NOT NULL AUTO_INCREMENT, AUTO_INCREMENT=11;
--
-- 使用表AUTO_INCREMENT `t_fields`
--
ALTER TABLE `t_fields`
  MODIFY `_id` int(11) NOT NULL AUTO_INCREMENT, AUTO_INCREMENT=14;
--
-- 使用表AUTO_INCREMENT `t_persons`
--
ALTER TABLE `t_persons`
  MODIFY `id` int(11) NOT NULL AUTO_INCREMENT, AUTO_INCREMENT=4;
--
-- 使用表AUTO_INCREMENT `t_purchase`
--
ALTER TABLE `t_purchase`
  MODIFY `_id` int(11) NOT NULL AUTO_INCREMENT, AUTO_INCREMENT=7;
--
-- 使用表AUTO_INCREMENT `t_shop`
--
ALTER TABLE `t_shop`
  MODIFY `_id` int(11) NOT NULL AUTO_INCREMENT, AUTO_INCREMENT=5;
--
-- 使用表AUTO_INCREMENT `t_shop_combo`
--
ALTER TABLE `t_shop_combo`
  MODIFY `_id` int(11) NOT NULL AUTO_INCREMENT, AUTO_INCREMENT=9;
--
-- 使用表AUTO_INCREMENT `t_shop_pic`
--
ALTER TABLE `t_shop_pic`
  MODIFY `_id` int(11) NOT NULL AUTO_INCREMENT, AUTO_INCREMENT=22;
--
-- 使用表AUTO_INCREMENT `t_sub_combo`
--
ALTER TABLE `t_sub_combo`
  MODIFY `_id` int(11) NOT NULL AUTO_INCREMENT, AUTO_INCREMENT=20;
--
-- 使用表AUTO_INCREMENT `t_sub_fields`
--
ALTER TABLE `t_sub_fields`
  MODIFY `_id` int(11) NOT NULL AUTO_INCREMENT, AUTO_INCREMENT=55;
--
-- 使用表AUTO_INCREMENT `t_trade_record`
--
ALTER TABLE `t_trade_record`
  MODIFY `_id` int(11) NOT NULL AUTO_INCREMENT, AUTO_INCREMENT=84;
--
-- 使用表AUTO_INCREMENT `t_users`
--
ALTER TABLE `t_users`
  MODIFY `_id` int(11) NOT NULL AUTO_INCREMENT COMMENT '用户id', AUTO_INCREMENT=30;
--
-- 使用表AUTO_INCREMENT `zipcode`
--
ALTER TABLE `zipcode`
  MODIFY `id` int(11) NOT NULL AUTO_INCREMENT, AUTO_INCREMENT=3145;
/*!40101 SET CHARACTER_SET_CLIENT=@OLD_CHARACTER_SET_CLIENT */;
/*!40101 SET CHARACTER_SET_RESULTS=@OLD_CHARACTER_SET_RESULTS */;
/*!40101 SET COLLATION_CONNECTION=@OLD_COLLATION_CONNECTION */;
